Captain_ID,Home_Base,Legs
86,DUS,"[3504619329, 3504638662, 3504638802, 3504638553, 3504638670]"
82,DUS,[3504638669]
455,CGN,"[3504618788, 3504619306, 3504619307, 3504638352, 3504638349, 3504638842]"
432,HAM,"[3504619083, 3504638347, 3504638824, 3504638827]"
508,BER,"[3504618789, 3504638106, 3504638725, 3504638681]"
26,DUS,"[3504619458, 3504619283, 3504638498, 3504638361, 3504638582]"
50,DUS,"[3504638663, 3504658118, 3504658269, 3504676965, 3504676768, 3504676815]"
465,CGN,"[3504618806, 3504619371, 3504638577, 3504638584, 3504638515]"
560,DUS,[3504638661]
465,CGN,"[3504618861, 3504638823, 3504638818, 3504638154]"
499,HAM,"[3504638550, 3504638803]"
522,CGN,"[3504638151, 3504638813]"
37,DUS,"[3504619456, 3504619459, 3504638766, 3504638767, 3504638704]"
178,HAM,"[3504619278, 3504619455, 3504638760, 3504638761]"
857,DUS,"[3504619073, 3504619068, 3504638832, 3504638833]"
507,HAM,"[3504619213, 3504638513]"
603,DUS,"[3504619073, 3504619078, 3504638534, 3504638535]"
62,DUS,"[3504619460, 3504638807]"
543,HAJ,"[3504638309, 3504638737]"
882,DUS,"[3504638808, 3504658250, 3504658187, 3504676881, 3504676972, 3504676973]"
267,STR,"[3504619003, 3504638846, 3504638796, 3504638549]"
941,DUS,"[3504638689, 3504638692]"
37,DUS,"[3504638346, 3504657813, 3504658181, 3504658182, 3504658247, 3504676267, 3504676875, 3505309658, 3505309695, 3505309696]"
942,DUS,[3504638790]
547,STR,[3504638193]
788,CGN,"[3504618825, 3504618966, 3504638195, 3504638717, 3504638843, 3504658281, 3504658225, 3504658226]"
313,BER,"[3504619320, 3504618824, 3504638834, 3504638835, 3504638788, 3504658234]"
390,DUS,"[3504638694, 3504638697]"
493,DUS,"[3504619366, 3504619369, 3504619370, 3504638723, 3504638794, 3504638142]"
162,CGN,"[3504618814, 3504618815, 3504619416, 3504638412, 3504638321]"
6,HAM,"[3504638556, 3504638188]"
269,HAM,"[3504619288, 3504638561]"
10,DUS,"[3504619350, 3504638695, 3504638714]"
351,DUS,"[3504619474, 3504618996, 3504638197, 3504638198]"
139,STR,"[3504618945, 3504618947, 3504638177, 3504638548, 3504638259]"
466,CGN,"[3504619452, 3504619279, 3504638566, 3504638567]"
312,DUS,"[3504619466, 3504638817, 3504638738, 3504638587]"
351,DUS,"[3504638822, 3504638563]"
741,DUS,[3504638710]
14,STR,"[3504618952, 3504618953, 3504638221, 3504638222]"
744,HAM,"[3504619215, 3504638585, 3504638593, 3504658180, 3504658151]"
945,DUS,"[3504619454, 3504638245, 3504638223, 3504658056, 3504657659]"
627,HAM,"[3504619223, 3504619365, 3504638768, 3504658054, 3504658061, 3504658240]"
864,STR,"[3504618964, 3504619407, 3504638847, 3504638848]"
629,DUS,"[3504619352, 3504619353, 3504638752, 3504638614, 3504638646, 3504657629, 3504657588]"
26,DUS,"[3504619478, 3504638829, 3504638732, 3504638598]"
197,HAM,"[3504619272, 3504619425, 3504638736]"
820,STR,"[3504618977, 3504618979, 3504618956, 3504638741, 3504638673]"
581,DUS,"[3504619450, 3504638239, 3504638171, 3504638607, 3504658110, 3504657653]"
873,STR,"[3504618950, 3504619465, 3504619412, 3504638206, 3504638292, 3504638295]"
596,HAM,"[3504619268, 3504619413, 3504619343, 3504638682, 3504638804, 3504638656]"
867,STR,"[3504618980, 3504618837, 3504638810, 3504638278]"
183,BER,"[3504618984, 3504619238, 3504638564, 3504638565]"
15,BER,"[3504618984, 3504618985, 3504638183, 3504638108, 3504638109, 3504638110]"
685,DUS,"[3504619341, 3504619344, 3504619486, 3504638164]"
863,DUS,"[3504619484, 3504619000, 3504638175, 3504638476]"
895,HAM,"[3504619221, 3504619222, 3504619332, 3504638787, 3504638786, 3504638698]"
193,DUS,"[3504619364, 3504618955, 3504638217, 3504638533]"
201,DUS,"[3504619378, 3504638733]"
561,BER,"[3504638659, 3504638660]"
801,CGN,"[3504618834, 3504618835, 3504638665, 3504638666, 3504638845]"
652,STR,"[3504619005, 3504619006, 3504638225]"
561,BER,"[3504619482, 3504619483, 3504638780, 3504638781]"
346,STR,"[3504619007, 3504619008, 3504638205, 3504638126]"
394,BER,"[3504619376, 3504619377, 3504638748, 3504638749, 3504638720]"
583,DUS,"[3504619418, 3504619419, 3504638762, 3504638763]"
109,DUS,"[3504619480, 3504638831, 3504638728, 3504638729]"
45,DUS,"[3504619489, 3504619002, 3504638191, 3504638192, 3504638173]"
374,STR,"[3504618936, 3504619010, 3504638319, 3504638602]"
616,DUS,"[3504619408, 3504619323, 3504638578, 3504638165]"
950,STR,"[3504618977, 3504619434, 3504638722, 3504638519]"
49,DUS,"[3504619380, 3504619381, 3504619374, 3504638204, 3504638258, 3504657773, 3504657652]"
635,CGN,"[3504619432, 3504638226]"
34,HAM,"[3504619223, 3504619224, 'DH_3504638542', 3504638543]"
931,HAM,"[3504619216, 3504619220, 3504638532, 3504638212]"
593,DUS,"[3504619428, 3504619429, 3504619430, 3504638539]"
745,BER,"[3504619298, 3504619299, 3504638576, 3504638730, 3504658178, 3504658245, 3504658068, 3504657952]"
628,STR,"[3504618974, 3504618975, 3504638227, 3504638775]"
815,HAM,"[3504619247, 3504618967, 3504638167, 3504638362]"
271,DUS,"[3504619470, 3504619471, 3504619386, 3504638312, 3504638323, 3504658276]"
88,STR,"[3504638227, 3504761353]"
828,DUS,"[3504619400, 3504619401, 3504619362, 3504638196, 3504638275]"
148,BER,"[3504619310, 3504619311, 3504638601, 3504638214]"
880,CGN,"[3504618830, 3504618831, 3504638770, 3504638626]"
581,DUS,"[3504619384, 3504619385, 3504619486, 3504638162]"
14,STR,"[3504618954, 3504638719]"
23,HAM,"[3504619229, 3504619231, 3504638446, 3504638213, 3504638208]"
433,STR,"[3504618946, 3504638190]"
400,DUS,"[3504619436, 3504619437, 3504638783, 3504638782]"
510,DUS,"[3504619440, 3504619441, 3504638443, 3504638531]"
595,HAM,"[3504619292, 3504619016]"
801,CGN,"[3504618792, 3504618793, 3504638155, 3504638283, 3504638169]"
741,DUS,"[3504619426, 3504619427, 3504638756, 3504638757]"
712,DUS,"[3504619349, 3504638693]"
344,BER,"[3504619495, 3504638326]"
703,CGN,"[3504618794, 3504618795, 3504638145, 3504638801, 3504638708, 3504658162, 3504658209, 3504657704]"
869,DUS,"[3504619394, 3504619395, 3504638800, 3504638551]"
101,HAM,"[3504619276, 3504619277, 3504638562, 3504658260, 3504658205, 3504657605]"
529,HAM,"[3504619209, 3504638680, 3504638830, 3504658270, 3504658133, 3504657962]"
140,HAM,"[3504619209, 3504638363, 3504638169]"
199,BER,"[3504619314, 3504618961, 3504638189, 3504638707, 3504638691, 3504658143, 3504657848, 3504658050]"
627,HAM,"[3504619259, 3504619266, 3504638546, 3504638797]"
909,DUS,"[3504619422, 3504619424, 3504638772, 3504638773]"
142,HAM,"[3504619240, 3504619257, 3504638558, 3504638272]"
921,STR,"[3504618965, 3504619192, 3504638325, 3504658082, 3504658069, 3504658070]"
817,DUS,"[3504619497, 3504619498, 3504638679, 3504657976, 3504657925, 3504658090]"
98,CGN,"[3504619021, 3504619025, 3504638327, 3504638328, 3504657801, 3504657792, 3504657727]"
173,HAM,"[3504619274, 3504638224]"
686,DUS,"[3504619368, 3504618944, 3504618920, 3504638603, 3504638604, 3504638674]"
524,DUS,"[3504619396, 3504619397, 3504638836]"
365,BER,"[3504619432, 3504638541]"
616,DUS,"[3504619347, 3504638690, 3504638754, 3504638755]"
61,STR,"[3504618957, 3504618959, 3504638207, 3504638379]"
839,BER,"[3504619300, 3504638688]"
722,CGN,"[3504618882, 3504619492, 3504638838, 3504638571]"
80,DUS,"[3504619406, 3504619409, 3504619345, 3504638686, 3504638812, 3504658252, 3504658207, 3504658208]"
81,HAM,"[3504619296, 3504619297, 3504619280, 3504619281, 3504638176, 3504638236, 3504638789]"
55,DUS,"[3504619402, 3504619403, 3504638712, 3504658164, 3504658092, 3504658115, 3504676462, 3504676382, 3504676383]"
902,BER,"[3504619308, 3504619309, 3504638607, 3504638377]"
176,STR,"[3504638203, 3504638589]"
943,STR,"[3504638201, 3504638739]"
742,DUS,"[3504619438, 3504619439, 3504619331, 3504638560, 3504638819, 3504638677]"
555,DUS,"[3504619404, 3504619248, 3504638530, 3504638218]"
178,HAM,"[3504619282, 3504638146]"
943,STR,"[3504618989, 3504638267]"
702,DUS,"[3504619423, 3504638769, 3504638840, 3504638841]"
350,STR,"[3504618995, 3504638156]"
84,DUS,"[3504619462, 3504638152, 3504638141, 3504638547]"
248,HAM,"[3504619286, 3504618992, 3504638211, 3504638216]"
821,DUS,"[3504619464, 3504638815]"
879,DUS,"[3504619354, 3504619355, 3504638828, 3504638158]"
512,HAM,"[3504619284, 3504638557]"
826,STR,"[3504618928, 3504618934, 3504638243, 3504638793]"
347,DUS,"[3504619358, 3504619361, 3504638734, 3504638735, 3504638706, 3504658160, 3504658155, 3504658156]"
846,STR,"[3504618976, 3504618978, 3504638364, 3504638684]"
270,DUS,"[3504619135, 3504619138, 3504638746, 3504638751]"
933,STR,"[3504618982, 3504618983]"
115,STR,"[3504618972, 3504618973, 3504638573, 3504638586, 3504762878, 3504658089]"
750,HAM,"[3504619211, 3504619212, 3504638478]"
845,BER,"[3504619130, 3504638499]"
547,STR,"[3504618936, 3504618940, 3504638269, 3504638811]"
422,STR,"[3504618962, 3504618821, 3504638121, 3504638527]"
92,BER,"[3504619484, 3504619485, 3504638671, 3504638168]"
350,STR,"[3504618941, 3504618942, 3504638187, 3504638703, 3504638806]"
948,MUC,[3504638497]
725,HAM,"[3504619249, 3504619417, 3504638348, 3504638351, 3504638574]"
182,DUS,"[3504619386, 3504619315, 3504638170, 3504638215]"
942,DUS,"[3504619388, 3504638200]"
383,BER,"[3504619322, 3504619176, 3504638331, 3504638332]"
134,STR,"[3504638253, 3504638255]"
383,BER,"[3504619316, 3504619375, 3504638820, 3504658258, 3504658233, 3504676926, 3504676941, 3504676750]"
454,CGN,"[3504618804, 3504619313, 3504638092]"
866,NUE,"[3504638380, 3504638409]"
280,STR,"[3504638181, 3504638182]"
132,CGN,"[3504618820, 3504618963, 3504638209, 3504638753, 3504638667]"
623,DUS,"[3504619420, 3504618827, 3504638161, 3504638324]"
857,DUS,"[3504619472, 3504619473, 3504619372, 3504638517]"
83,DUS,"[3504619366, 3504619218, 3504638500]"
543,HAJ,"[3504619193, 3504619014]"
523,HAM,"[3504619227, 3504619305, 3504638174]"
176,STR,"[3504619123, 3504619127, 3504638672, 3504638750, 3504638330, 3504658169, 3504658032]"
375,BER,"[3504638619, 3504638771]"
464,CGN,"[3504618808, 3504618809, 3504638157, 3504658268]"
15,BER,"[3504619326, 3504619327, 3504638630, 3504638639]"
29,STR,"[3504619001, 3504638844, 3504638683]"
726,STR,"[3504618997, 3504618998]"
104,DUS,"[3504619147, 3504619150, 3504638264, 3504638709, 3504638687, 3504658142, 3504658145, 3504676829, 3504676927]"
828,DUS,"[3504619468, 3504619289, 3504638538]"
170,DUS,"[3504619339, 3504638678]"
708,DUS,[3504638675]
119,CGN,"[3504638107, 3504638727]"
44,CGN,"[3504638153, 3504638180]"
394,BER,"[3504638090, 3504638127, 3504638387]"
429,DUS,"[3504619442, 3504619443, 3504638700, 3504638701]"
572,STR,"[3504638219, 3504638220]"
171,CGN,"[3504618851, 3504619287, 3504638520, 3504658019, 3504658047]"
95,DUS,"[3504619444, 'DH_3504619445', 3504638685, 3504638581]"
715,BER,"[3504619304, 3504619228, 3504638178]"
81,HAM,"[3504638536, 3504638210]"
161,CGN,"[3504638125, 3504638537]"
511,HAM,"[3504619207, 3504638097]"
9,HAM,"[3504638540, 3504658222, 3504658175, 3504658176]"
309,DUS,"[3504619352, 3504619285, 3504638410, 3504638320]"
716,HAM,"[3504619294, 3504619487, 3504638726, 3504638186]"
685,DUS,"[3504619493, 3504638658, 3504638172]"
704,DUS,"[3504619410, 3504619411, 3504619335, 3504618921, 3504638461, 3504638490]"
13,CGN,"[3504618858, 3504619469, 3504638758, 3504638759]"
170,DUS,"[3504619446, 3504619447]"
716,HAM,"[3504619219, 3504619373, 3504638718, 3504638525]"
137,CGN,"[3504618840, 3504618841]"
136,DUS,"[3504638814, 3504658254, 3504658245, 3504658249]"
390,DUS,[3504638740]
847,STR,"[3504618991, 3504638559, 3504638514]"
341,BER,[3504638580]
918,BER,"[3504619336, 3504638816, 3504638322]"
432,HAM,[3504638360]
866,NUE,"[3504638378, 3504638747]"
499,HAM,"[3504638524, 3504638721]"
725,HAM,"[3504638552, 3504638805]"
391,BER,"[3504638588, 3504638731]"
751,DUS,"[3504619414, 3504619415, 3504638776, 3504638777]"
433,STR,"[3504618999, 3504619295, 3504619109, 3504638583, 3504638094]"
936,DUS,"[3504619433, 3504619435]"
170,DUS,[3504619333]
65,CGN,"[3504618812, 3504618813, 3504638096]"
126,STR,"[3504618922, 3504638570, 3504638839]"
929,DUS,"[3504619337, 3504619208, 3504638668, 3504638350, 3504658232]"
122,STR,"[3504618993, 3504638821, 3504638798, 3504638799]"
769,DUS,"[3504619360, 3504618805, 3504638089]"
504,HAM,"[3504638465, 3504638185, 3504638521]"
943,STR,"[3504638279, 3504638280]"
839,BER,"[3504638657, 3504638301]"
845,BER,"[3504619312, 3504638713, 3504638784, 3504638785]"
596,HAM,"[3504619143, 3504619145, 3504638516, 3504638105]"
159,STR,"[3504618970, 3504618969]"
193,DUS,"[3504619390, 3504619391]"
391,BER,"[3504619324, 3504619325]"
127,HAM,"[3504619225, 3504619226]"
674,BER,"[3504619334, 3504619474, 3504619475, 3504638826, 3504658262, 3504657808, 3504676944]"
57,DUS,"[3504619392, 3504619393, 3504638778, 3504638779]"
361,STR,"[3504618995, 3504618862, 3504638098, 3504638099]"
68,CGN,"[3504618822, 3504619182, 3504638388]"
726,STR,"[3504618968, 3504618971]"
173,HAM,"[3504619270, 3504619421, 3504638742, 3504638743]"
658,STR,"[3504618987, 3504618988]"
652,STR,[3504638575]
70,STR,"[3504638199, 3504658038, 3504657985, 3504676689]"
730,HAM,"[3504638450, 3504638287, 3504657786, 3504657777, 3504676949]"
946,BER,"[3504619318, 3504619269, 3504638522, 3504658168]"
858,CGN,"[3504619019, 3504619020, 3504638329, 3504657867, 3504657871, 3504657796]"
948,MUC,"[3504618943, 3504618807]"
403,DUS,"[3504619356, 3504618990, 3504638179, 3504658256, 3504658185, 3504658186]"
377,HAM,"[3504638354, 3504638353, 3504638554, 3504638555]"
352,DUS,"[3504638696, 3504658150, 3504658139, 3504676683, 3504676342, 3504676396, 3504676403]"
167,HAM,"[3504638542, 3504658058]"
611,CGN,[3504638091]
537,CGN,"[3504618836, 3504619445, 3504638716, 3504638523]"
889,STR,[3504638447]
557,HAM,"[3504618925, 3504638475]"
636,NUE,[3504638477]
44,CGN,[3504638088]
163,STR,"[3504619149, 'DH_3504619150']"
947,CGN,"[3504618863, 3504638569]"
866,NUE,"[3504619028, 3504619033]"
624,CGN,[3504638579]
722,CGN,"[3504638163, 3504658274, 3504658241, 3504658242]"
270,DUS,"[3504658243, 3504658066, 3504658067, 3504676940, 3504676820, 3504676195]"
507,HAM,"[3504657655, 3504657791, 3504658084, 3504658051, 3504676375, 3504676361, 3504676362]"
327,STR,"[3504657656, 3504657965, 3504657820]"
556,CGN,"[3504657586, 3504657681, 3504658188]"
429,DUS,"[3504658153, 3504658154, 3504658161, 3504676847, 3504676933, 3504676744]"
81,HAM,"[3504658035, 3504658036, 3504658071, 3504676955, 3504676896, 3504676724]"
830,STR,"[3504657654, 3504658120, 3504658255, 3504676953, 3504676930, 3504676254, 3504676297, 3505309750]"
504,HAM,"[3504658065, 3504657631]"
86,DUS,"[3504658248, 3504657807]"
521,DUS,"[3504657814, 3504657983]"
208,BER,"[3504657581, 3504657596, 3504676859, 3504676895, 3504676373]"
102,DUS,"[3504658144, 3504658146]"
320,DUS,"[3504658147, 3504658152]"
489,STR,"[3504657921, 3504658083]"
689,BER,"[3504658111, 3504658112]"
743,DUS,"[3504658251, 3504657778]"
943,STR,"[3504657775, 3504657776, 3504657755]"
66,CGN,"[3504657592, 3504657670, 3504657705, 3504676905, 3504676826, 3505309615, 3505309762]"
83,DUS,"[3504658265, 3504658266, 3504658193]"
940,CGN,"[3504657580, 3504658128]"
499,HAM,"[3504658073, 3504658074]"
521,DUS,"[3504658137, 3504658140]"
847,STR,"[3504657690, 3504658202]"
54,STR,"[3504657725, 3504657726]"
24,STR,"[3504657677, 3504657678, 3504657757, 3504676718, 3504676747, 3504676942]"
903,DUS,"[3504658219, 3504658220, 3504658263, 3504676959, 3504676923]"
126,STR,"[3504657675, 3504657676, 3504657722, 3504676975, 3504676864, 3504676208]"
830,STR,"[3504657736, 3504657742]"
390,DUS,"[3504658217, 3504657764]"
489,STR,"[3504657683, 3504762877]"
142,HAM,"[3504658059, 3504658060, 3504658033]"
58,DUS,"[3504658183, 3504658184]"
607,HAM,"[3504658041, 3504658042]"
365,BER,"[3504658097, 3504658098]"
205,STR,"[3504657663, 3504657664]"
39,STR,"[3504657665, 3504657666]"
873,STR,"[3504657667, 3504657668]"
19,HAM,"[3504658081, 3504658285]"
505,STR,"[3504657791, 3504658116]"
653,DUS,"[3504658273, 3504658078]"
712,DUS,"[3504658227, 3504658228, 3504658131]"
710,DUS,"[3504658183, 3504657685]"
843,CGN,"[3504658215, 3504657753]"
950,STR,"[3504657789, 3504657790]"
941,DUS,"[3504658286, 3504658287]"
929,DUS,"[3504658189, 3504658190]"
162,CGN,"[3504658135, 3504658136]"
703,CGN,"[3504657854, 3504657840]"
449,HAM,"[3504658037, 3504657682]"
840,CGN,"[3504657604, 3504658198, 3504658149, 3504676833, 3504676854, 3504676855, 3504676814]"
349,STR,"[3504657725, 3504657798]"
931,HAM,"[3504658045, 3504657613]"
522,CGN,"[3504657598, 3504657599]"
721,DUS,"[3504658197, 3504657834]"
702,DUS,"[3504658278, 3504657724]"
101,HAM,"[3504658022, 3504657674]"
86,DUS,"[3504658235, 3504658062]"
355,CGN,"[3504657606, 3504657859]"
909,DUS,"[3504658257, 3504658072]"
936,DUS,"[3504658223, 3504658224]"
327,STR,"[3504657779, 3504657780]"
208,BER,"[3504658109, 3504657695]"
681,DUS,"[3504658165, 3504658166]"
182,DUS,"[3504658177, 3504676867, 3504676948, 3504676415]"
503,DUS,"[3504658201, 3504658108]"
320,DUS,[3504658117]
415,HAM,"[3504658043, 3504658044]"
936,DUS,"[3504658141, 3504676827]"
262,DUS,[3504658282]
495,STR,"[3504657785, 3504676441, 3504676657, 3504676711, 3504676865]"
711,DUS,"[3504658280, 3504676456, 3504676396, 3505309389, 3505309372, 3505309371]"
12,DUS,[3504658253]
45,DUS,[3504658221]
543,HAJ,[3504657793]
6,HAM,"[3504658055, 3504676385, 3504676333, 3504676534]"
509,DUS,[3504658284]
556,CGN,"[3504657614, 3504658214]"
703,CGN,"[3504657630, 3504658070]"
937,HAJ,"[3504657795, 3504658212]"
341,BER,"[3504658107, 3504658210]"
815,HAM,"[3504658039, 3504676780, 3504676775, 3504676543]"
889,STR,"[3504657766, 3504657625]"
119,CGN,"[3504657608, 3504657702, 3504657935]"
131,DUS,"[3504658259, 3504657635]"
678,BER,"[3504658091, 3504658211, 3504676521, 3504676520, 3504676580]"
511,HAM,"[3504658063, 3504657627]"
400,DUS,"[3504658163, 3504676778, 3504676785, 3504676786]"
93,BER,"[3504658099, 3504658206, 3504658231, 3504676535, 3504676544, 3505309451, 3505309594, 3505309595]"
489,STR,"[3504762518, 3504657615, 3504657626]"
597,DUS,"[3504658229, 3504658230]"
390,DUS,"[3504658261, 3504657782]"
139,STR,"[3504657669, 3504658030]"
46,DUS,"[3504658119, 3504658077, 3504676971, 3504676868, 3504676369]"
134,STR,"[3504657681, 'DH_3504658188', 3504658267, 3504676963]"
505,STR,"[3504657690, 3504658046]"
948,MUC,[3504658132]
54,STR,"[3504657766, 3504658238]"
88,STR,"[3504657698, 3504658100]"
948,MUC,[3504658134]
435,HAM,"[3504658079, 3504658080]"
365,BER,"[3504658091, 3504658195, 3504658196]"
635,CGN,"[3504657624, 3504658064]"
865,STR,"[3504657656, 3504657978]"
582,HAM,"[3504657937, 3504657587, 3504657594]"
330,DUS,"[3504658243, 3504658244, 3504658171, 3504657595]"
23,HAM,"[3504657657, 3504657679, 3504676358, 3504676378, 3504676608]"
523,HAM,"[3504658031, 3504657597]"
161,CGN,"[3504657642, 3504657643, 3504657634]"
390,DUS,"[3504658199, 3504658200, 3504658127]"
5,DUS,"[3504658125, 3504658095]"
161,CGN,"[3504657628, 3504676746, 3504676727, 3504676728]"
141,STR,"[3504657701, 3504657609]"
176,STR,"[3504657669, 3504658172, 3504658121]"
937,HAJ,"[3504657799, 3504657800]"
495,STR,"[3504658088, 3504658113, 3504658114]"
880,CGN,"[3504657606, 3504657607, 3504657610]"
495,STR,[3504657783]
391,BER,"[3504658126, 3504658275]"
175,HAM,"[3504658075, 3504658076]"
948,MUC,[3504657589]
8,HAM,"[3504657940, 3504657949, 3504658122, 3504658239, 3504676393, 3504676420, 3504676423, 3504676376]"
205,STR,"[3504657787, 3504657788, 3504657781, 3504658264]"
271,DUS,"[3504658171, 3504657672, 3504657703, 3504676722, 3504676713, 3504676714]"
839,BER,"[3504658093, 3504658094]"
390,DUS,[3504658271]
824,DUS,"[3504658203, 3504658204, 3504658123]"
131,DUS,"[3504658183, 3504658040]"
909,DUS,"[3504658237, 3504676932, 3504676922, 3504676925]"
510,DUS,"[3504657822, 3504676554, 3504676870, 3504676871]"
64,STR,"[3504657766, 3504657623]"
175,HAM,"[3504658001, 3504657593]"
181,HAM,"['DH_3504658079', 3504658279]"
198,DUS,"['DH_3504658215', 3504658216]"
69,DUS,"[3504658191, 3504658192]"
584,HAM,"[3504658053, 3504676907, 3504676830, 3505309617]"
363,CGN,"[3504658213, 3504657711]"
409,DUS,"[3504658129, 3504658130, 3504658179, 3504676873, 3504676962, 3504676306]"
918,BER,"[3504658085, 3504658086, 3504658087, 3504657671, 3504657595]"
937,HAJ,"[3504657866, 3504657832]"
43,CGN,"[3504657622, 3504658236, 3504658159, 3504676845, 3504676960, 3504676961]"
172,HAM,"[3504658049, 3504658052]"
388,HAM,[3504657910]
355,CGN,"[3504676259, 3504676938, 3504676802, 3505309601, 3505309621, 3505310325, 3505310402, 3505310403]"
359,DUS,"[3504676807, 3504676701, 3504676704]"
837,HAM,"[3504676338, 3504676416, 3504676417]"
107,BER,"[3504676813, 3504676818, 3504676435, 3504676436]"
107,BER,"[3504676771, 3504676194, 3504676681]"
682,STR,"[3504676427, 3504676957, 3504676834, 3505309620, 3505309727, 3505309728]"
612,CGN,"[3504676250, 3504676252, 3504676205]"
141,STR,"[3504676458, 3504676977, 3504676943, 3505309730, 3505309635, 3505309634, 3505309749, 3505310444]"
96,DUS,"[3504676838, 3504676839, 3504676844]"
107,BER,"[3504676332, 3504676374, 3504676891]"
522,CGN,"[3504676225, 3504676224, 3504676190]"
412,HAM,"[3504676757, 3504676758, 3504676709, 3505309644, 3505309679, 3505309367]"
88,STR,"[3504676407, 3504676413, 3504676365]"
842,STR,"[3504676330, 3504676336]"
200,STR,"[3504676337, 3504676536]"
712,DUS,"[3504676828, 3504676831]"
190,DUS,"[3504676832, 3504676837]"
33,STR,"[3504676392, 3504676931, 3504676924, 3505309714, 3505309616, 3505310320, 3505310418, 3505310003]"
189,STR,"[3504676355, 3504676356, 3504676455, 3505309761]"
107,BER,"[3504676551, 3504676969, 3504676836]"
61,STR,"[3504676357, 3504676212, 3504676200]"
455,CGN,"[3504676322, 3504676324, 3504676227]"
365,BER,"[3504676781, 3504676897, 3504676824]"
165,STR,"[3504676445, 3504676449, 3504676382, 3505309692, 3505309733]"
394,BER,"[3504676769, 3504676311]"
839,BER,"[3504676795, 3504676798]"
940,CGN,"[3504676326, 3504676328]"
937,HAJ,"[3504676507, 3504676509]"
24,STR,"[3504676388, 3504676736, 3504676731]"
876,DUS,"[3504676918, 3504676919, 3504676935]"
555,DUS,"[3504676976, 3504676803]"
882,DUS,"[3504676822, 3504676201]"
625,HAM,"[3504676737, 3504676738, 3504676660]"
133,STR,"[3504676555, 3504676557]"
401,DUS,"[3504676866, 3504676869]"
122,STR,"[3504676365, 3504676879]"
64,STR,"[3504676386, 3504676387]"
67,DUS,"[3504676886, 3504676887]"
341,BER,"[3504676789, 3504676790]"
93,BER,"[3504676787, 3504676788]"
449,HAM,"[3504676729, 3504676730]"
871,BER,"[3504676799, 3504676801]"
449,HAM,"[3504676763, 3504676764]"
334,CGN,"[3504657805, 3504676893, 3504676848]"
175,HAM,"[3504676715, 3504676716, 3504676646]"
39,STR,"[3504676357, 3504676214]"
768,STR,"[3504676371, 3504676519, 3505309424, 3505309375]"
636,NUE,"[3504676583, 3504676494]"
401,DUS,"[3504676822, 3504676683, 3504676687, 3505309513, 3505309605, 3505309760, 3505310464, 3505310406, 3505310407]"
94,STR,"[3504676384, 3504676794]"
948,MUC,"[3504676349, 3504676350]"
9,HAM,"[3504676745, 3504676272]"
72,HAM,"[3504676759, 3504676760, 3504676761, 3505309756, 3505309685, 3505309686]"
67,DUS,"[3504676970, 3504676454]"
400,DUS,"[3504676888, 3504676580]"
636,NUE,"[3504676549, 3504676550]"
160,CGN,"[3504657803, 3504657849, 3504676196, 3504676197]"
721,DUS,"[3504676882, 3504676883]"
597,DUS,"[3504676978, 3504676979]"
184,DUS,"[3504676884, 3504676885]"
45,DUS,"[3504676980, 3504676981]"
865,STR,"[3504676445, 3504676762]"
122,STR,"[3504676345, 3504676861, 3504676898]"
750,HAM,"[3504676707, 3504676346, 3504676367, 3505309652, 3505309757, 3505309758]"
723,DUS,"[3504676892, 3504676226]"
624,CGN,"[3504676217, 3504676219, 3504676673]"
442,STR,"[3504676437, 3505309405, 3505309352, 3505309269]"
876,DUS,[3504676852]
876,DUS,"[3504676890, 3505309423, 3505309422, 3505309674]"
116,DUS,"[3504676532, 3505309439, 3505309664, 3505310051, 3505310056, 3505310057]"
131,DUS,[3504676530]
8,HAM,"[3504676735, 3504676389]"
16,DUS,"[3504676952, 3505309313, 3505309306, 3505309551]"
312,DUS,"[3504676910, 3504676911, 3504676903]"
907,BER,[3504676773]
951,DUS,"[3504676880, 3505309361, 3505309392, 3505309393]"
920,STR,"[3504676390, 3505309387, 3505309338, 3505309339]"
715,BER,"[3504676791, 3505309547]"
143,DUS,[3504676974]
246,HAM,"[3504676719, 3504676381]"
821,DUS,[3504676553]
102,DUS,[3504676966]
560,DUS,"[3504676954, 3505309742, 3505309735, 3505309355]"
663,DUS,"[3504676914, 3505309381, 3505309336, 3505309562, 3505310442]"
872,HAM,[3504676717]
83,DUS,[3504676916]
951,DUS,[3504676876]
253,DUS,[3504676904]
5,DUS,[3504676908]
871,BER,[3504676779]
92,BER,"[3504676793, 3505309704]"
837,HAM,"[3504676755, 3504676434]"
522,CGN,"[3504676770, 3504676797]"
636,NUE,"[3504676585, 3504676902]"
866,NUE,"[3504676598, 3504676580]"
840,CGN,"[3504676213, 3504676360]"
184,DUS,"[3504676816, 3504676681]"
726,STR,"[3504676363, 3504676364]"
699,BER,"[3504676765, 3504676657, 3504676749, 3505309309, 3505309249, 3505309607, 3505309721, 3505310083, 3505310050, 3505310994, 3505311013]"
10,DUS,"[3504676854, 3504676857]"
435,HAM,"[3504676670, 3504676821]"
344,BER,"[3504657821, 3504676825]"
938,HAM,"[3504676721, 3504676894]"
837,HAM,"[3504676707, 3504676710]"
872,HAM,"[3504676743, 3504676936]"
547,STR,"[3504676368, 3504676720, 3504676741]"
653,DUS,"[3504676920, 3504676921]"
946,BER,"[3504676777, 3504676704, 3504676810, 3504676804, 3505309603]"
858,CGN,"[3504676198, 3504676354, 3504676467, 3504676474]"
682,STR,"[3504676330, 3504676548]"
863,DUS,"[3504676947, 3504676752]"
46,DUS,"[3504676968, 3505309403]"
138,STR,"[3504676392, 3504676742]"
937,HAJ,[3504676558]
880,CGN,"[3504676205, 3504676863]"
64,STR,"[3504676339, 3504676682, 3505309455, 3505309452]"
861,CGN,"[3504676253, 3504676395, 3504676414]"
942,DUS,"[3504676937, 3504676796, 3504676765, 3504676657]"
388,HAM,"[3504676739, 3504676740, 3504676677]"
329,DUS,"[3504676872, 3505309656, 3505309653, 3505310361, 3505310313]"
94,STR,"[3504676766, 3504676334, 3504676663]"
683,STR,"[3504676353, 3505309630, 3505309725, 3505309555, 3505309520, 3505310351, 3505310457, 3505310099]"
39,STR,[3504676394]
865,STR,"[3504676376, 3504676377]"
919,CGN,[3504676203]
67,DUS,"[3504676812, 3504676767, 3504676939]"
875,DUS,"[3504676840, 3504676352]"
871,BER,"[3504676765, 3504676341, 3504676755, 3504676756]"
937,HAJ,"[3504676487, 3504676597]"
184,DUS,"[3504676912, 3504676913]"
863,DUS,[3504676878]
696,DUS,"[3504676906, 3505309693, 3505309719, 3505309551, 3505309556, 3505310005, 3505310014, 3505310456]"
692,DUS,"[3504676929, 3505309718, 3505309677, 3505309369]"
38,DUS,"[3504676950, 3504676504]"
755,DUS,"[3504676860, 3504676348, 3504676432]"
184,DUS,"[3504676964, 3504676312, 3504676772]"
253,DUS,"[3504676858, 3504676708, 3504676340, 3504676435, 3505309752, 3505309719, 3505309307, 3505309268, 3505309961, 3505310002, 3505310254, 3505310217]"
389,HAM,"[3504676723, 3504676901]"
58,DUS,"[3504676846, 3505309632, 3505309649, 3505309650]"
950,STR,"[3504676347, 3504676206, 3504676270]"
867,STR,"[3504676351, 3505309626, 3505309618]"
558,STR,"[3504676343, 3505309636, 3505309641, 3505309642]"
890,STR,[3504676379]
678,BER,"[3504657821, 3504676545, 3504676546]"
940,CGN,"[3504676211, 3504676853, 3504676958]"
138,STR,"[3504676347, 3504676348, 3504676453, 3504676328]"
941,DUS,"[3504676842, 3504676843]"
95,DUS,"[3504676850, 3504676344]"
5,DUS,"[3504676768, 3504676783, 3504676899]"
140,HAM,"[3504676733, 3504676734, 3504676677]"
412,HAM,"[3504676809, 3504676856, 3505309357, 3505309382, 3505310411, 3505310392, 3505310393]"
769,DUS,"[3504676956, 3505309746, 3505309759]"
621,DUS,"[3505309723, 3505309593, 3505309250, 3505309251]"
679,DUS,"[3505309643, 3505309265, 3505309266, 3505309519]"
948,MUC,"[3505309505, 3505309514, 3505309515, 3505309337]"
704,DUS,"[3505309729, 3505309438, 3505309647]"
577,CGN,"[3505309264, 3505309646, 3505309739]"
537,CGN,"[3505309328, 3505309571, 3505309558, 3505310089, 3505310036, 3505310037]"
691,BER,"[3505309574, 3505309651, 3505309365]"
415,HAM,"[3505309335, 3505309573, 3505309596, 3505309597]"
879,DUS,"[3505309608, 3505309507, 3505309444, 3505310136]"
374,STR,"[3505309388, 3505309549, 3505309506]"
375,BER,"[3505309580, 3505309581, 3505309253]"
658,STR,"[3505309366, 3505309425, 3505309420, 3505310019, 3505310020, 3505310103]"
307,DUS,"[3505309637, 3505309527, 3505309538, 3505310059, 3505310064, 3505310065]"
917,CGN,"[3505309276, 3505309277, 3505309310]"
329,DUS,"[3505309623, 3505309624, 3505309715]"
190,DUS,"[3505309751, 3505309565, 3505309522, 3505310228, 3505310265, 3505310266]"
102,DUS,"[3505309575, 3505309332]"
817,DUS,"[3505309440, 3505309441]"
690,HAM,"[3505309552, 3505309726]"
570,DUS,"[3505309619, 3505309622]"
847,STR,"[3505309346, 3505309740]"
415,HAM,"[3505309548, 3505309720]"
508,BER,"[3505309456, 3505309509]"
108,DUS,"[3505309629, 3505309628]"
73,DUS,"[3505309732, 3505309311]"
610,HAM,"[3505309570, 3505309421, 3505310114, 3505310391, 3505310420, 3505311171, 3505311128, 3505311131]"
133,STR,"[3505309356, 3505309638, 3505309627, 3505310335, 3505310362, 3505310363]"
327,STR,"[3505309334, 3505309508, 3505310318, 3505310317, 3505309956]"
941,DUS,"[3505309655, 3505309654]"
312,DUS,"[3505309755, 3505309567]"
374,STR,"[3505309374, 3505309413]"
328,CGN,"[3505309278, 3505309688]"
96,DUS,"[3505309639, 3505309525]"
820,STR,"[3505309364, 3505309523]"
139,STR,"[3505309380, 3505309706]"
97,DUS,"[3505309673, 3505309535]"
569,STR,"[3505309370, 3505309533, 3505309518, 3505310349, 3505310380, 3505310296, 3505309950]"
433,STR,"[3505309356, 3505309275]"
144,DUS,"[3505309743, 3505309744, 3505309633]"
543,HAJ,"[3505309418, 3505309419]"
377,HAM,"[3505309540, 3505309541]"
153,DUS,"[3505309711, 3505309712]"
22,STR,"[3505309348, 3505309349, 3505309354, 3505310434, 3505310414]"
638,DUS,"[3505309661, 3505309662]"
16,DUS,"[3505309671, 3505309672]"
691,BER,"[3505309592, 3505309553, 3505309546, 3505310073, 3505310048, 3505311089, 3505311084]"
7,DUS,"[3505309710, 3505309709]"
9,HAM,"[3505309530, 3505309531]"
907,BER,"[3505309582, 3505309583]"
570,DUS,"[3505309689, 3505309690]"
775,CGN,"[3505309294, 3505309295]"
391,BER,"[3505309598, 3505309599]"
267,STR,"[3505309342, 3505309343]"
866,NUE,"[3505309426, 3505309427]"
560,DUS,"[3505309766, 3505309767]"
683,STR,"[3505309344, 3505309345]"
775,CGN,"[3505309290, 3505309291]"
504,HAM,"[3505309528, 3505309529]"
504,HAM,"[3505309568, 3505309569]"
869,DUS,"[3505309768, 3505309770]"
611,CGN,"[3505309308, 3505309724, 3505309737, 3505310111]"
142,HAM,"[3505309552, 3505309557]"
917,CGN,"[3505309273, 3505309640]"
572,STR,"[3505309394, 3505309734]"
729,HAM,"[3505309536, 3505309486]"
949,DUS,"[3505309753, 3505309323]"
917,CGN,"[3505309643, 3505309521]"
33,STR,"[3505309398, 3505309563]"
690,HAM,"[3505309510, 3505309511]"
76,DUS,"[3505309667, 3505309668]"
883,DUS,"[3505309669, 3505309670]"
73,DUS,"[3505309659, 3505309660, 3505309627]"
153,DUS,"[3505309717, 3505309391]"
825,DUS,"[3505309681, 3505309539]"
690,HAM,"[3505309544, 3505309545]"
661,STR,"[3505309340, 3505309341]"
689,BER,"[3505309586, 3505309589]"
557,HAM,"[3505309542, 3505309543]"
54,STR,"[3505309378, 3505309379]"
69,DUS,[3505309763]
276,DUS,[3505309612]
689,BER,"[3505309590, 3505309591]"
938,HAM,"[3505309564, 3505309401, 3505309358]"
276,DUS,"[3505309697, 3505309698]"
640,DUS,"[3505309665, 3505309666]"
923,HAM,[3505309512]
825,DUS,[3505309614]
592,CGN,[3505309326]
949,DUS,[3505309747]
592,CGN,[3505309300]
461,HAM,[3505309526]
638,DUS,[3505309657]
517,STR,"[3505309386, 3505310236]"
743,DUS,"[3505309691, 3505309377]"
334,CGN,"[3505309316, 3505309317]"
704,DUS,"[3505309639, 3505309359]"
621,DUS,"[3505309701, 3505309702, 3505309745]"
694,BER,"[3505309578, 3505310329, 3505310354, 3505309965]"
448,DUS,"[3505309741, 3505310091, 3505310086, 3505311083]"
825,DUS,[3505309705]
183,BER,"[3505309331, 3505309333, 3505309253]"
610,HAM,"[3505309516, 3505309267]"
140,HAM,"[3505309550, 3505309722]"
461,HAM,"[3505309534, 3505309678]"
613,STR,"[3505309362, 3505310286, 3505310283, 3505310986]"
524,DUS,[3505309694]
199,BER,"[3505309584, 3505309585, 3505309442]"
838,BER,"[3505309572, 3505309350, 3505309648]"
421,STR,"[3505309400, 3505309417, 3505309410, 3505310071, 3505310054, 3505310823, 3505310830, 3505311125]"
88,STR,"[3505309385, 3505309384]"
768,STR,"[3505309360, 3505309663, 3505309683]"
663,DUS,"[3505309645, 3505309353]"
168,DUS,"[3505309676, 3505309675, 3505309606, 3505309576, 3505310282, 3505310287, 3505310288]"
592,CGN,"[3505309249, 3505309588, 3505310061, 3505310067, 3505310066]"
432,HAM,"[3505309532, 3505309537, 3505309554]"
511,HAM,[3505309560]
948,MUC,[3505309611]
577,CGN,"[3505309282, 3505309684]"
35,DUS,"[3505309604, 3505309524, 3505310232]"
920,STR,"[3505309408, 3505309409, 3505309394, 3505309559]"
679,DUS,"[3505309703, 3505309411]"
866,NUE,"[3505309470, 3505309682]"
163,STR,[3505309457]
864,STR,"[3505309366, 3505309469]"
297,DUS,"[3505309713, 3505310413, 3505310431, 3505310855]"
11,DUS,"[3505309631, 3505310337, 3505310346, 3505310347]"
7,DUS,"[3505309600, 3505310310, 3505310388, 3505310379]"
661,STR,"[3505309376, 3505310069, 3505310042, 3505310043]"
775,CGN,[3505309274]
496,HAM,"[3505309337, 3505309368, 3505309413]"
755,DUS,"[3505309643, 3505309517, 3505309550]"
320,DUS,"[3505309707, 3505309708]"
724,STR,"[3505309396, 3505309397, 3505309390, 3505310417, 3505310424, 3505310258, 3505310259, 3505310773, 3505310742, 3505310829]"
22,STR,"[3505309330, 3505309572, 3505309404, 3505310448, 3505310426, 3505310430]"
409,DUS,"[3505309753, 3505309754, 3505309625, 3505310333]"
246,HAM,"[3505309532, 3505309587]"
834,HAM,"[3505309504, 3505309609, 3505309610]"
720,HAM,"[3505309566, 3505310458]"
245,CGN,"[3505309262, 3505310031, 3505310062, 3505310387]"
40,CGN,"[3505309312, 3505310264, 3505310140, 3505310138]"
543,HAJ,"[3505309412, 3505309477]"
775,CGN,"[3505309958, 3505309959, 3505309964, 3505309965]"
87,HAM,"[3505310221, 3505310351, 3505310326]"
864,STR,"[3505310022, 3505310307, 3505310468]"
949,DUS,"[3505310348, 3505310222, 3505310257]"
461,HAM,"[3505310263, 3505310436, 3505310322]"
803,STR,"[3505310094, 3505310095, 3505310080]"
864,STR,"[3505310046, 3505310345, 3505310328]"
49,DUS,"[3505310342, 3505310343, 3505310441]"
834,HAM,"[3505310243, 3505310244, 3505310231]"
20,DUS,"[3505310338, 3505310339, 3505310435, 3505311177, 3505311096, 3505311097]"
469,DUS,"[3505310454, 3505310097, 3505310040, 3505311081]"
42,DUS,"[3505310330, 3505310331, 3505310340]"
689,BER,"[3505310158, 3505310157, 3505310275]"
335,HAM,"[3505310255, 3505310425]"
751,DUS,"[3505310319, 3505310321]"
11,DUS,"[3505310350, 3505310035, 3505310038]"
656,DUS,"[3505310370, 3505310371, 3505310332, 3505311077, 3505311206, 3505311209]"
949,DUS,"[3505310376, 3505310115, 3505310116]"
167,HAM,"[3505310267, 3505310268, 3505310235, 3505311062, 3505310852]"
517,STR,"[3505310082, 3505310001, 3505309951]"
61,STR,"[3505310090, 3505310437, 3505310315]"
36,DUS,"[3505310390, 3505309983, 3505309955]"
821,DUS,"[3505310374, 3505310196, 3505310112]"
34,HAM,"[3505310245, 3505310246, 3505310215]"
931,HAM,"[3505310251, 3505310419]"
894,DUS,"[3505310330, 3505310262]"
115,STR,"[3505310074, 3505310075]"
820,STR,"[3505310076, 3505310077]"
190,DUS,"[3505310360, 3505310290]"
46,DUS,"[3505310396, 3505310397, 3505310455, 3505311038, 3505310993]"
768,STR,"[3505310078, 3505310079, 3505310026]"
803,STR,"[3505310159, 3505310160]"
144,DUS,"[3505310454, 3505310272]"
891,DUS,"[3505310390, 3505310117, 3505310894, 3505310953]"
719,CGN,"[3505310000, 3505310252, 3505310220]"
755,DUS,"[3505310364, 3505310365]"
144,DUS,"[3505310400, 3505310401]"
894,DUS,"[3505310451, 3505310452]"
36,DUS,"[3505310372, 3505310373]"
714,DUS,"[3505310366, 3505310367]"
543,HAJ,"[3505310106, 3505310055]"
183,BER,"[3505310297, 3505310298]"
508,BER,"[3505310299, 3505310300]"
163,STR,"[3505310070, 3505310250]"
926,BER,"[3505310301, 3505310302]"
872,HAM,"[3505310273, 3505310274]"
890,STR,"[3505310052, 3505310053]"
636,NUE,"[3505310118, 3505310119]"
719,CGN,"[3505310018, 3505310308, 3505309950]"
743,DUS,"[3505310378, 3505310194, 3505310110]"
134,STR,"[3505310058, 3505310242]"
714,DUS,"[3505310368, 3505310369]"
380,DUS,"[3505310404, 3505310405]"
894,DUS,"[3505310462, 3505310461]"
719,CGN,"[3505309968, 3505310049]"
89,STR,"[3505310030, 3505310284]"
123,BER,"[3505310303, 3505310306]"
133,STR,"[3505310022, 3505310289]"
197,HAM,"[3505310227, 'DH_3505310228', 3505310247]"
866,NUE,[3505310210]
496,HAM,"[3505310239, 3505310109]"
415,HAM,"[3505310241, 3505310383]"
726,STR,"[3505310088, 3505310432]"
907,BER,"[3505310279, 3505310280, 3505310277]"
902,BER,"[3505310291, 3505310381]"
187,HAM,"[3505310229, 3505310230, 3505310214]"
948,MUC,[3505310213]
29,STR,"[3505310100, 3505311072, 3505311059, 3505311138]"
681,DUS,[3505310445]
251,HAM,"[3505310237, 3505310377, 3505310384, 3505311056, 3505311051]"
411,HAM,"[3505310271, 3505310017]"
144,DUS,[3505310324]
499,HAM,[3505310269]
838,BER,[3505310281]
755,DUS,[3505310465]
944,DUS,"[3505310449, 3505311193]"
742,DUS,[3505310463]
653,DUS,[3505310433]
57,DUS,"[3505310356, 3505311099, 3505311162, 3505311163]"
824,DUS,[3505310438]
723,DUS,"[3505310410, 3505311167, 3505310935, 3505310936]"
47,DUS,"[3505310380, 3505309985, 3505310008]"
719,CGN,"[3505309962, 3505310353]"
43,CGN,"[3505309970, 3505309971]"
636,NUE,"[3505310176, 3505310389]"
62,DUS,"[3505310398, 3505310399, 3505310352]"
493,DUS,[3505310153]
744,HAM,"[3505310249, 3505311157, 3505311198]"
595,HAM,[3505310233]
838,BER,[3505310285]
577,CGN,"[3505310004, 3505310256, 3505310155]"
907,BER,"[3505310293, 3505310292, 3505310314]"
567,CGN,"[3505309960, 3505310224]"
19,HAM,[3505310211]
336,BER,"[3505309947, 3505309986, 3505310895, 3505310892]"
200,STR,"[3505310060, 3505310375, 3505310311]"
883,DUS,"[3505310422, 3505310260]"
192,HAM,"[3505310245, 3505310385, 3505310429, 3505311175, 3505311130, 3505310831]"
596,HAM,"[3505310225, 3505310355]"
529,HAM,"[3505310027, 3505310102]"
3,HAM,"[3505310223, 3505310226]"
567,CGN,"[3505309980, 3505310294]"
843,CGN,"[3505310010, 3505310446, 3505310309, 3505310803, 3505310828, 3505310825]"
835,DUS,"[3505310412, 3505310081]"
12,DUS,"[3505310344, 3505311087, 3505311178, 3505311179]"
854,STR,"[3505310032, 3505311091, 3505311078]"
543,HAJ,[3505310195]
682,STR,"[3505310046, 3505310047]"
58,DUS,"[3505310348, 3505310033, 3505310208]"
70,STR,"[3505310024, 3505310253, 3505310085, 3505310098]"
640,DUS,"[3505310382, 3505310248]"
248,HAM,"[3505310209, 3505310184, 3505310183]"
624,CGN,"[3505309992, 3505311014]"
362,CGN,"[3505310014, 3505310015, 3505309949]"
135,DUS,"[3505310334, 3505309954]"
24,STR,"[3505310072, 3505310152]"
835,DUS,[3505310336]
36,DUS,"[3505310278, 3505310305]"
870,STR,"[3505310034, 3505309963, 3505310016]"
189,STR,"[3505310096, 3505310113]"
411,HAM,"[3505310025, 3505310028, 3505310029]"
455,CGN,"[3505309966, 3505309967, 3505310002]"
661,STR,"[3505310084, 3505311026, 3505311001, 3505311002]"
835,DUS,[3505310416]
730,HAM,"[3505310207, 3505310276]"
656,DUS,"[3505310447, 3505311191, 3505311160, 3505311161]"
567,CGN,"[3505310004, 3505310304, 3505310023]"
692,DUS,"[3505310394, 3505310395]"
39,STR,"[3505310046, 3505309969]"
854,STR,"[3505310092, 3505310863]"
553,STR,"[3505310096, 3505310453, 3505310439, 3505310887, 3505310890, 3505311042]"
142,HAM,[3505310261]
572,STR,"[3505310068, 3505309993]"
937,HAJ,"[3505310108, 3505310175]"
135,DUS,"[3505310386, 3505309989]"
948,MUC,[3505310212]
567,CGN,"[3505310408, 3505310409]"
262,DUS,"[3505310427, 3505310428, 3505310467, 3505311207, 3505311136, 3505311060]"
567,CGN,"[3505309948, 3505310295]"
135,DUS,"[3505310330, 3505310039]"
612,CGN,"[3505310004, 3505310423, 3505310151, 3505311066, 3505311073]"
843,CGN,"[3505309984, 3505310063]"
84,DUS,"[3505310358, 3505310359, 3505310137, 3505310913, 3505311005, 3505311006]"
890,STR,"[3505310044, 3505310045]"
939,CGN,"[3505310772, 3505311028, 3505310801, 3505310800]"
454,CGN,"[3505311046, 3505311071, 3505310875, 3505310812]"
16,DUS,"[3505311090, 3505310726, 3505310716, 3505310718]"
175,HAM,"[3505311025, 3505310771, 3505310790, 3505310791]"
201,DUS,"[3505311180, 3505311181, 3505311126, 3505310827]"
361,STR,"[3505310814, 3505311093, 3505311208]"
336,BER,"[3505310922, 3505310982, 3505311041]"
208,BER,"[3505311045, 3505310788, 3505310789]"
460,HAM,"[3505311037, 3505310869, 3505310856]"
658,STR,"[3505311044, 3505311055, 3505311129]"
361,STR,"[3505310868, 3505311197, 3505311132]"
341,BER,"[3505311049, 3505311050, 3505311057]"
657,CGN,"[3505310739, 3505310740, 3505310727]"
336,BER,"[3505311067, 3505310859, 3505310864]"
148,BER,"[3505311047, 3505311048, 3505311063]"
505,STR,"[3505310826, 3505310737, 3505310723]"
917,CGN,"[3505310763, 3505310889, 3505310888]"
875,DUS,"[3505311092, 3505310990]"
694,BER,"[3505311043, 3505310866]"
572,STR,"[3505310872, 3505310891]"
898,HAM,"[3505310985, 3505311085]"
89,STR,"[3505310819, 3505310818]"
890,STR,"[3505310860, 3505310861]"
73,DUS,"[3505311124, 3505310893]"
460,HAM,"[3505311033, 3505311034]"
657,CGN,"[3505310778, 3505310779]"
135,DUS,"[3505311122, 3505310881]"
460,HAM,"[3505311003, 3505311127]"
177,CGN,"[3505310929, 3505311012]"
937,HAJ,"[3505310880, 3505310928]"
597,DUS,"[3505311158, 3505311159]"
346,STR,"[3505310822, 3505310730]"
11,DUS,"[3505311108, 3505311109]"
679,DUS,"[3505311086, 3505310817]"
421,STR,"[3505310846, 3505310849]"
135,DUS,"[3505311134, 3505310748]"
543,HAJ,"[3505310882, 3505310883]"
313,BER,"[3505311069, 3505310932]"
824,DUS,"[3505311152, 3505311153]"
192,HAM,"[3505311027, 3505311173, 3505311164]"
20,DUS,"[3505311142, 3505311143]"
123,BER,"[3505311061, 3505310756]"
489,STR,"[3505310804, 3505310805]"
421,STR,"[3505310838, 3505310762]"
87,HAM,"[3505310987, 3505310815, 3505310844]"
506,STR,"[3505310850, 3505311064]"
583,DUS,"[3505311150, 3505311151]"
610,HAM,"[3505311019, 3505310851]"
11,DUS,"[3505311154, 3505310879]"
123,BER,"[3505311053, 3505311054]"
939,CGN,"[3505310759, 3505310760]"
870,STR,"[3505310840, 3505310841]"
725,HAM,"[3505311039, 3505311040]"
613,STR,"[3505310870, 3505310871]"
362,CGN,"[3505310713, 3505310715]"
380,DUS,"[3505311116, 3505311117]"
710,DUS,"[3505311118, 3505311119]"
506,STR,"[3505310810, 3505310811]"
517,STR,"[3505310876, 3505310877]"
636,NUE,"[3505310898, 3505310899]"
950,STR,"[3505310820, 3505310821]"
192,HAM,"[3505310991, 3505310992]"
460,HAM,"[3505310983, 3505310984]"
191,DUS,"[3505311215, 3505311217]"
866,NUE,"[3505310954, 3505311133]"
506,STR,"[3505310836, 3505311070]"
729,HAM,"[3505311007, 3505311123]"
745,BER,"[3505310927, 3505311008]"
63,DUS,"[3505311148, 3505311149]"
460,HAM,"[3505310997, 3505310998]"
583,DUS,"[3505311074, 3505311075]"
359,DUS,"[3505311210, 3505311211]"
320,DUS,"[3505311214, 3505311216]"
824,DUS,"[3505311120, 3505311121]"
47,DUS,"[3505311114, 3505311115]"
825,DUS,"[3505311212, 3505311213]"
3,HAM,"[3505311023, 3505311024]"
362,CGN,"[3505310784, 3505310785]"
123,BER,"[3505310927, 3505310833]"
898,HAM,"[3505311015, 3505311016]"
584,HAM,"[3505310925, 3505310926]"
926,BER,"[3505311065, 3505310843]"
54,STR,"[3505310808, 3505310809]"
63,DUS,"[3505311102, 3505311103]"
870,STR,"[3505310806, 3505310807]"
192,HAM,"[3505311035, 3505311195]"
73,DUS,[3505311172]
872,HAM,[3505310914]
63,DUS,[3505311174]
42,DUS,[3505310912]
42,DUS,[3505311184]
82,DUS,"[3505311106, 3505311107]"
509,DUS,"[3505311154, 3505311155]"
144,DUS,"[3505311112, 3505311113]"
267,STR,[3505310802]
442,STR,[3505310854]
108,DUS,[3505311170]
153,DUS,[3505311168]
653,DUS,[3505311204]
20,DUS,[3505311176]
307,DUS,[3505311182]
714,DUS,[3505311202]
108,DUS,[3505311188]
638,DUS,[3505310931]
335,HAM,[3505311031]
73,DUS,[3505311098]
411,HAM,[3505311029]
108,DUS,"[3505311090, 3505310988, 3505310981]"
389,HAM,[3505311017]
191,DUS,"[3505311124, 3505310744]"
422,STR,"[3505310862, 3505311185, 3505311094]"
172,HAM,"['DH_3505311019', 3505311020]"
657,CGN,"[3505311046, 3505311055, 3505310967]"
657,CGN,"[3505310734, 3505311004, 3505310989]"
38,DUS,"[3505311194, 3505310865]"
362,CGN,[3505310724]
835,DUS,"[3505311166, 3505554052]"
76,DUS,"[3505311140, 3505311141]"
898,HAM,"[3505311021, 3505310764]"
349,STR,"[3505310826, 3505310961]"
597,DUS,[3505311139]
748,CGN,"[3505310741, 3505311058]"
42,DUS,"[3505311147, 3505311146]"
389,HAM,"[3505310937, 3505561565]"
47,DUS,"[3505311088, 3505310728, 3505310782]"
422,STR,[3505310874]
177,CGN,[3505310729]
894,DUS,[3505311192]
679,DUS,[3505311080]
638,DUS,[3505311104]
577,CGN,[3505310770]
177,CGN,[3505310761]
442,STR,[3505310858]
920,STR,"[3505310939, 3505310940]"
708,DUS,"[3505311110, 3505311111, 3505311156]"
854,STR,[3505310848]
47,DUS,[3505311100]
756,STR,[3505310842]
43,CGN,[3505310714]
177,CGN,"[3505310788, 3505311036]"
748,CGN,"['DH_3505310763', 3505311022]"
191,DUS,"[3505311144, 3505311145, 3505310933]"
512,HAM,"[3505311009, 3505310969]"
389,HAM,[3505311011]
96,DUS,"[3505311200, 3505311201]"
636,NUE,[3505310896]
512,HAM,[3505310995]
42,DUS,[3505311082]
621,DUS,[3505311186]
63,DUS,[3505311076]
12,DUS,[3505311196]
714,DUS,[3505311190]
194,STR,"[3505310832, 3505310835]"
923,HAM,"[3505310999, 3505311105]"
442,STR,"[3505310824, 3505311137]"
553,STR,"['DH_3505310939', 3505310938]"
194,STR,[3505310834]
194,STR,[3505310816]
