pairing_id,captain_id,base,n_legs,cost_eur,start_min,end_min,legs
1,UNASSIGNED,DUS,6,2497.6,450.0,5665.0,3504619298|3504619212|3504638776|3504638224|3504676980|3504676981
2,UNASSIGNED,DUS,6,2347.0,4690.0,8550.0,3504676799|3504676801|3505309426|3505309427|3505310064|3505310065
3,UNASSIGNED,DUS,7,2261.4,4695.0,8200.0,3504676196|3504676197|3505309342|3505309343|3505310212|3505310220|3505309959
4,262,DUS,6,2177.8,415.0,4160.0,3504619310|3504619311|3504638584|3504638515|3504658189|3504658190
5,597,DUS,6,2158.8,6140.0,9585.0,3505309532|3505309675|3505310118|3505310119|3505311148|3505311149
6,UNASSIGNED,DUS,6,2093.6,6065.0,9335.0,3505309294|3505309295|3505310052|3505310053|3505310824|3505310737
7,UNASSIGNED,DUS,7,2084.6,445.0,5785.0,3504619227|3504619228|3504657937|3504657791|3504658084|3504676611|3504676226
8,621,DUS,7,2043.8,370.0,3580.0,3504618977|3504618979|3504619338|3504638659|3504638660|3504657677|3504658166
9,824,DUS,6,2027.0,6185.0,10045.0,3505309568|3505309770|3505310334|3505309954|3505310713|3505310715
10,RESERVE,DUS,6,2020.4,450.0,5540.0,3504619304|3504619305|3504658059|3504658060|3504658033|3504676369
11,UNASSIGNED,DUS,8,2009.8,380.0,5300.0,3504618972|3504618973|3504618941|3504638713|3504638756|3504638757|3504676882|3504676883
12,UNASSIGNED,DUS,6,2004.4,3615.0,8560.0,3504657665|3504657666|3504676785|3504676580|3505310455|3505310017
13,742,DUS,6,2003.4,825.0,4130.0,3504619028|3504619033|3504638843|3504658281|3504658225|3504658226
14,876,DUS,6,1995.2,350.0,4175.0,3504618974|3504619275|3504638744|3504638745|3504658209|3504658210
15,RESERVE,DUS,7,1990.8,1290.0,5640.0,3504619349|3504638693|3504658081|3504657668|3504676657|3504676749|3504676750
16,RESERVE,DUS,6,1989.6,425.0,5095.0,3504618957|3504618959|3504638762|3504638763|3504676876|3504676877
17,320,DUS,6,1979.0,415.0,3580.0,3504619394|3504618793|3504638203|3504638589|3504657725|3504657726
18,10,DUS,6,1978.8,385.0,4165.0,3504619143|3504619145|3504638476|3504638201|3504658096|3504657653
19,883,DUS,8,1977.0,445.0,3900.0,3504619392|3504619393|3504638516|3504638182|3504638183|3504638184|3504762518|3504657615
20,769,DUS,5,1972.0,420.0,4190.0,3504618792|3504619395|3504638325|3504657668|3504657589
21,751,DUS,7,1963.4,375.0,3670.0,3504618936|3504618940|3504638487|3504638450|3504638475|3504657799|3504657800
22,UNASSIGNED,DUS,6,1959.0,4685.0,7830.0,3504676715|3504676716|3505309598|3505309599|3505310303|3505310256
23,276,DUS,6,1922.0,440.0,4200.0,3504619396|3504619397|3504638410|3504638320|3504658195|3504658196
24,UNASSIGNED,DUS,6,1899.2,825.0,4995.0,3504619011|3504619387|3504638098|3504638099|3504676322|3504676324
25,42,DUS,7,1898.4,425.0,3735.0,3504619438|3504619439|3504638572|3504638213|3504638409|3504657793|3504657794
26,RESERVE,DUS,6,1898.4,1810.0,6450.0,3504638207|3504638210|3504657667|3504658285|3505309278|3505309425
27,503,DUS,6,1888.0,195.0,3695.0,3504619194|3504619020|3504638847|3504638848|3504658217|3504658218
28,UNASSIGNED,DUS,7,1861.2,6115.0,9995.0,3505309542|3505309543|3505310207|3505310295|3505310895|3505311139|3505311138
29,320,DUS,6,1846.4,6485.0,9640.0,3505309282|3505309369|3505310078|3505310079|3505311112|3505311113
30,168,DUS,9,1845.6,595.0,4190.0,3504619423|3504619425|3504618808|3504638723|3504638327|3504638328|3504658201|3504658100|3504658128
31,UNASSIGNED,DUS,7,1840.8,6175.0,9270.0,3505309536|3505309587|3505310229|3505310230|3505310214|3505310772|3505311028
32,330,DUS,6,1834.8,935.0,4190.0,3504619386|3504618961|3504638764|3504638765|3504658213|3504658214
33,821,DUS,7,1834.8,5025.0,8440.0,3504676363|3504676364|3505309385|3505309384|3505310024|3505310253|3505310421
34,UNASSIGNED,DUS,6,1825.6,3270.0,8095.0,3504658197|3504657867|3504676787|3504676788|3505310158|3505310157
35,UNASSIGNED,DUS,6,1822.0,760.0,4950.0,3504619294|3504619487|3504638586|3504638587|3504676392|3504676740
36,UNASSIGNED,DUS,6,1807.0,3630.0,7970.0,3504658135|3504658136|3505309273|3505309527|3505310344|3505310345
37,RESERVE,DUS,8,1803.4,2020.0,7035.0,3504638679|3504638361|3504638582|3504676776|3504676416|3504676417|3505309735|3505309355
38,UNASSIGNED,DUS,6,1800.2,4735.0,9345.0,3504676763|3504676764|3505309538|3505309375|3505310814|3505310815
39,380,DUS,7,1795.4,435.0,3910.0,3504619225|3504619226|3504638446|3504638364|3504638361|3504658109|3504658204
40,RESERVE,DUS,7,1773.2,1845.0,6815.0,3504638556|3504638188|3504657789|3504657790|3505309396|3505309397|3505309611
41,903,DUS,6,1764.8,1820.0,5660.0,3504638195|3504638523|3504658045|3504658198|3504676978|3504676979
42,116,DUS,6,1764.8,6180.0,9990.0,3505309643|3505309349|3505310404|3505310405|3505311214|3505311216
43,UNASSIGNED,DUS,7,1760.2,5145.0,9685.0,3504676731|3504676732|3505309337|3505309374|3505309469|3505310962|3505310829
44,UNASSIGNED,DUS,6,1757.4,560.0,5320.0,3504619318|3504619411|3504638842|3504658277|3504676974|3504676975
45,271,DUS,9,1753.4,735.0,4190.0,3504618999|3504619295|3504619215|3504638585|3504638174|3504657835|3504658048|3504657978|3504658232
46,696,DUS,8,1747.6,305.0,4220.0,3504619013|3504619245|3504638566|3504638567|3504638534|3504657849|3504657596|3504657597
47,UNASSIGNED,DUS,6,1745.4,360.0,5410.0,3504619229|3504619231|3504638538|3504638539|3504676721|3504676894
48,UNASSIGNED,DUS,6,1743.2,455.0,5100.0,3504618794|3504618795|3504638161|3504638162|3504676217|3504676219
49,UNASSIGNED,DUS,5,1742.8,1155.0,5490.0,3504618920|3504657663|3504657664|3504676775|3504676543
50,RESERVE,DUS,6,1742.0,4680.0,7870.0,3504676759|3504676760|3505309528|3505309529|3505310221|3505309961
51,UNASSIGNED,DUS,8,1730.4,410.0,5080.0,3504619408|3504619409|3504619416|3504638379|3504638388|3504638216|3504676388|3504676736
52,UNASSIGNED,DUS,8,1729.2,4935.0,8425.0,3504676549|3504676366|3505309388|3505309549|3505309518|3505310222|3505310155|3505310152
53,UNASSIGNED,DUS,6,1727.0,4755.0,8035.0,3504676721|3504676380|3505309340|3505309341|3505310100|3505310019
54,82,DUS,8,1721.2,795.0,4100.0,3504618952|3504618953|3504619340|3504638646|3504638150|3504657801|3504657792|3504658134
55,42,DUS,6,1720.4,6185.0,9280.0,3505309768|3505309569|3505310239|3505310240|3505311180|3505311181
56,RESERVE,DUS,5,1717.8,1880.0,6770.0,3504638281|3504638563|3504658089|3505309766|3505309767
57,UNASSIGNED,DUS,6,1711.8,795.0,5630.0,3504618952|3504619363|3504657598|3504658036|3504676713|3504676714
58,UNASSIGNED,DUS,7,1711.4,370.0,5170.0,3504619221|3504619317|3504638532|3504638212|3504676407|3504676413|3504676819
59,UNASSIGNED,DUS,6,1709.4,5195.0,9410.0,3504676510|3504676516|3505310114|3505310242|3505310235|3505311062
60,821,DUS,7,1707.8,305.0,4220.0,3504618820|3504619248|3504638579|3504638179|3504658256|3504658185|3504658186
61,UNASSIGNED,DUS,8,1703.2,390.0,5355.0,3504618814|3504618815|3504618863|3504638569|3504638524|3504638721|3504676892|3504676224
62,929,DUS,7,1701.8,400.0,4205.0,3504618976|3504619277|3504638666|3504638752|3504638330|3504658167|3504658168
63,RESERVE,DUS,6,1700.2,4955.0,8590.0,3504676737|3504676738|3505309524|3505309275|3505310016|3505310099
64,84,DUS,6,1700.0,6135.0,9490.0,3505309689|3505309690|3505310451|3505310452|3505311166|3505311167
65,109,DUS,6,1693.6,400.0,3810.0,3504618928|3504618934|3504638576|3504638768|3504658054|3504658122
66,28,DUS,8,1691.6,600.0,3860.0,3504619472|3504619473|3504618861|3504638823|3504638754|3504638531|3504658037|3504658188
67,949,DUS,8,1690.0,415.0,3910.0,3504619444|3504619445|3504638736|3504638737|3504638702|3504658154|3504657848|3504658204
68,UNASSIGNED,DUS,6,1687.0,4680.0,7815.0,3504676759|3504676441|3505309344|3505309345|3505310082|3505310001
69,692,DUS,6,1687.0,6535.0,9985.0,3505309262|3505310219|3505310259|3505310260|3505311212|3505311213
70,UNASSIGNED,DUS,6,1684.6,3985.0,6785.0,3504657679|3504676358|3504676766|3504676334|3505309665|3505309666
71,704,DUS,6,1677.8,395.0,3825.0,3504619380|3504619381|3504638603|3504638604|3504657785|3504657643
72,UNASSIGNED,DUS,6,1677.6,1025.0,4960.0,3504619193|3504618827|3504638742|3504638743|3504676956|3504676957
73,135,DUS,7,1676.0,800.0,4175.0,3504619021|3504619413|3504638380|3504638614|3504638574|3504657673|3504657674
74,69,DUS,7,1672.4,1830.0,5615.0,3504638478|3504638199|3504657682|3504657821|3504676545|3504676797|3504676272
75,UNASSIGNED,DUS,6,1665.2,5085.0,9005.0,3504676895|3504676377|3505309639|3505309525|3505310460|3505311199
76,UNASSIGNED,DUS,6,1665.0,395.0,4370.0,3504619326|3504619492|3504638319|3504638527|3504658047|3504657613
77,UNASSIGNED,DUS,7,1662.4,740.0,5645.0,3504619433|3504619435|3504638593|3504638598|3504676767|3504676856|3504676857
78,UNASSIGNED,DUS,6,1660.6,810.0,5665.0,3504619216|3504618947|3504657683|3504762877|3504676326|3504676454
79,297,DUS,6,1660.0,6580.0,9965.0,3505309695|3505309696|3505310418|3505310421|3505311215|3505311217
80,UNASSIGNED,DUS,6,1654.0,1040.0,4955.0,3504618945|3504619220|3504638607|3504638377|3504676583|3504676614
81,UNASSIGNED,DUS,7,1652.4,1930.0,6875.0,3504638748|3504638749|3504638772|3504657662|3505309249|3505309596|3505309421
82,UNASSIGNED,DUS,6,1650.6,935.0,5635.0,3504619314|3504619315|3504658053|3504676907|3504676864|3504676865
83,835,DUS,6,1649.8,1840.0,5645.0,3504638346|3504638347|3504658097|3504658098|3504676783|3504676784
84,UNASSIGNED,DUS,6,1645.4,6160.0,9925.0,3505309701|3505310399|3505310392|3505310393|3505310933|3505310926
85,UNASSIGNED,DUS,7,1644.4,860.0,5625.0,3504618830|3504618831|3504657628|3504658112|3504676781|3504676370|3504676821
86,708,DUS,7,1643.0,310.0,4160.0,3504618822|3504618963|3504618999|3504638839|3504638410|3504657702|3504657935
87,26,DUS,6,1643.0,1170.0,4110.0,3504619308|3504619309|3504638770|3504638626|3504658067|3504658249
88,743,DUS,7,1637.8,1810.0,5205.0,3504638601|3504638602|3504658099|3504658206|3504658127|3504676548|3504676683
89,UNASSIGNED,DUS,8,1635.0,445.0,5190.0,3504619428|3504619429|3504619430|3504638779|3504638832|3504638833|3504676858|3504676861
90,656,DUS,8,1633.6,785.0,4220.0,3504618956|3504619389|3504638845|3504638658|3504638215|3504657700|3504657781|3504658264
91,UNASSIGNED,DUS,6,1630.4,1845.0,6775.0,3504638558|3504638559|3504658079|3504658080|3505309534|3505309680
92,UNASSIGNED,DUS,4,1630.4,6180.0,9935.0,3505309362|3505310234|3505311065|3505311066
93,UNASSIGNED,DUS,6,1628.2,5410.0,9375.0,3504676507|3504676509|3505310241|3505310292|3505311082|3505311083
94,80,DUS,6,1627.4,6840.0,9985.0,3505309558|3505309311|3505309986|3505309989|3505310935|3505310938
95,UNASSIGNED,DUS,8,1618.2,4695.0,8225.0,3504676322|3504676324|3505309328|3505309571|3505309560|3505310091|3505310034|3505309963
96,825,DUS,8,1617.8,425.0,3965.0,3504619400|3504619401|3504619331|3504638360|3504638583|3504638586|3504657685|3504658132
97,RESERVE,DUS,6,1617.0,6445.0,10135.0,3505309679|3505309371|3505310054|3505310055|3505310755|3505310756
98,667,DUS,5,1614.8,6830.0,9975.0,3505309588|3505310063|3505310276|3505311200|3505311201
99,116,DUS,6,1614.6,385.0,3565.0,3504618950|3504619465|3504638227|3504638775|3504658265|3504658266
100,RESERVE,DUS,7,1612.6,6135.0,9980.0,3505309366|3505309533|3505310211|3505310092|3505311185|3505311104|3505311105
101,583,DUS,7,1603.8,1860.0,5660.0,3504638665|3504638498|3504638361|3504657722|3504657724|3504676365|3504676879
102,638,DUS,7,1602.4,530.0,3580.0,3504619442|3504619443|3504638576|3504638730|3504638731|3504658163|3504658164
103,58,DUS,6,1602.2,350.0,4195.0,3504618974|3504618975|3504638191|3504638192|3504638298|3504658116
104,681,DUS,6,1599.8,970.0,3630.0,3504619382|3504619383|3504638766|3504638767|3504658253|3504657676
105,UNASSIGNED,DUS,7,1598.8,6350.0,9995.0,3505309676|3505309367|3505310070|3505310250|3505310801|3505311059|3505311138
106,7,DUS,6,1596.6,405.0,4175.0,3504619390|3504619391|3504638127|3504638529|3504658063|3504658242
107,581,DUS,6,1595.2,355.0,4190.0,3504619005|3504619006|3504638163|3504657788|3504657652|3504658128
108,198,DUS,6,1593.2,370.0,3835.0,3504618836|3504619445|3504638151|3504638811|3504658219|3504658220
109,869,DUS,6,1593.0,1790.0,5615.0,3504638205|3504638602|3504658041|3504658042|3504676743|3504676936
110,83,DUS,9,1592.4,420.0,3805.0,3504619366|3504619369|3504619370|3504638105|3504638141|3504638255|3504638173|3504658223|3504658224
111,RESERVE,DUS,6,1590.4,1845.0,6545.0,3504638544|3504638793|3504658278|3504657724|3505309380|3505309706
112,UNASSIGNED,DUS,6,1587.0,3560.0,8305.0,3504657803|3504658050|3505309544|3505309545|3505310245|3505310383
113,951,DUS,9,1586.6,895.0,4115.0,3504619414|3504619415|3504638443|3504638751|3504638161|3504658274|3504658245|3504658068|3504658124
114,RESERVE,DUS,9,1585.4,470.0,5250.0,3504619341|3504619210|3504619270|3504638214|3504638646|3504638656|3504676795|3504676796|3504676771
115,663,DUS,6,1582.6,415.0,4115.0,3504619007|3504619008|3504638676|3504658237|3504658062|3504658124
116,RESERVE,DUS,6,1580.8,2310.0,6805.0,3504638542|3504638543|3504676701|3505309263|3505309266|3505309519
117,UNASSIGNED,DUS,6,1578.0,5125.0,9300.0,3504676976|3504676803|3505309522|3505309523|3505311037|3505310869
118,109,DUS,4,1577.8,6485.0,9945.0,3505309546|3505309547|3505310233|3505311052
119,817,DUS,7,1575.2,1085.0,3625.0,3504618804|3504619313|3504638420|3504638755|3504657910|3504658086|3504658091
120,UNASSIGNED,DUS,7,1573.2,1870.0,6685.0,3504638685|3504638581|3504638619|3504657753|3505309505|3505309514|3505309515
121,63,DUS,7,1572.2,415.0,3600.0,3504619436|3504619437|3504638630|3504638639|3504658085|3504658086|3504658087
122,UNASSIGNED,DUS,5,1568.8,370.0,4325.0,3504619446|3504619447|3504638572|3504657854|3504657796
123,UNASSIGNED,DUS,8,1568.2,1080.0,5375.0,3504618812|3504618813|3504638760|3504638761|3504676852|3504676853|3504676808|3504676810
124,144,DUS,7,1567.8,495.0,4100.0,3504619470|3504619471|3504619422|3504638220|3504657712|3504657720|3504658134
125,RESERVE,DUS,6,1564.8,4650.0,8525.0,3504676479|3504676780|3505309392|3505310337|3505310346|3505310347
126,UNASSIGNED,DUS,4,1564.2,550.0,5360.0,3504619497|3504638332|3504676549|3504676550
127,597,DUS,6,1563.4,380.0,4120.0,3504619183|3504619182|3504638738|3504658040|3504658061|3504658240
128,359,DUS,7,1560.4,6260.0,9785.0,3505309335|3505309376|3505310069|3505310038|3505311077|3505311096|3505311097
129,57,DUS,5,1557.0,455.0,3925.0,3504619211|3504619299|3504638578|3504657624|3504657625
130,UNASSIGNED,DUS,6,1550.4,900.0,5545.0,3504619259|3504619204|3504658221|3504676915|3504676868|3504676869
131,667,DUS,8,1549.8,725.0,3810.0,3504619426|3504619427|3504638447|3504638560|3504638819|3504658169|3504658019|3504658122
132,825,DUS,6,1549.8,6170.0,9310.0,3505309290|3505309692|3505309968|3505310230|3505310987|3505310726
133,UNASSIGNED,DUS,6,1549.6,5235.0,9380.0,3504676367|3505309365|3505309368|3505309373|3505311196|3505311197
134,603,DUS,6,1545.4,1860.0,5505.0,3504638740|3504638741|3504658055|3504676734|3504676682|3504676825
135,UNASSIGNED,DUS,6,1544.8,915.0,5560.0,3504618984|3504618985|3504657779|3504676955|3504676903|3504676902
136,UNASSIGNED,DUS,6,1543.0,370.0,4345.0,3504618882|3504619327|3504619300|3504638686|3504638540|3504657798
137,UNASSIGNED,DUS,6,1540.0,550.0,4960.0,3504619497|3504619498|3504638758|3504638212|3504676427|3504676957
138,UNASSIGNED,DUS,6,1539.8,2045.0,6970.0,3504638364|3504638684|3504676964|3505309752|3505309707|3505309708
139,404,DUS,8,1538.2,345.0,4175.0,3504618834|3504618835|3504638157|3504638158|3504657624|3504657625|3504657630|3504657631
140,198,DUS,5,1534.2,6455.0,9695.0,3505309608|3505310028|3505310029|3505310741|3505310967
141,UNASSIGNED,DUS,4,1532.8,5250.0,9555.0,3504676789|3504676790|3505310299|3505311020
142,47,DUS,6,1530.0,430.0,3940.0,3504619495|3504619496|3504638694|3504658148|3504658203|3504658208
143,95,DUS,6,1527.0,1910.0,5510.0,3504638838|3504638164|3504658273|3504658078|3504676727|3504676728
144,UNASSIGNED,DUS,6,1526.6,2220.0,6825.0,3504638784|3504638785|3504676890|3504676521|3505309422|3505309283
145,UNASSIGNED,DUS,5,1525.8,6120.0,9110.0,3505309418|3505309419|3505310106|3505310286|3505311043
146,135,DUS,6,1525.2,6785.0,9465.0,3505309382|3505310411|3505310317|3505310921|3505310922|3505310982
147,104,DUS,8,1525.0,410.0,4175.0,3504619432|3504619434|3504638734|3504638735|3504638706|3504658160|3504658241|3504658242
148,493,DUS,6,1525.0,6370.0,9905.0,3505309691|3505309377|3505310072|3505311024|3505310925|3505310934
149,UNASSIGNED,DUS,4,1522.2,5250.0,9720.0,3504676789|3504676790|3505310299|3505310851
150,863,DUS,6,1522.0,825.0,4200.0,3504619278|3504619455|3504638089|3504638674|3504658278|3504658279
151,741,DUS,5,1520.6,520.0,3965.0,3504619249|3504619323|3504638820|3504657780|3504658132
152,UNASSIGNED,DUS,6,1520.2,3310.0,6515.0,3504658235|3504676393|3504676420|3504676423|3505309673|3505309535
153,708,DUS,6,1516.4,5400.0,8570.0,3504676361|3505309361|3505309374|3505309983|3505309970|3505309971
154,UNASSIGNED,DUS,6,1515.4,790.0,5110.0,3504619268|3504619417|3504638832|3504638833|3504676880|3504676881
155,UNASSIGNED,DUS,6,1515.4,4735.0,8505.0,3504676908|3505309511|3505309556|3505309557|3505310231|3505310232
156,469,DUS,8,1512.8,1055.0,4200.0,3504619462|3504618992|3504638183|3504638108|3504638109|3504638110|3504658069|3504658070
157,570,DUS,6,1512.8,1680.0,5365.0,3504638378|3504638412|3504658113|3504657631|3504676205|3504676710
158,RESERVE,DUS,6,1512.8,4675.0,8515.0,3504676779|3505309363|3505309259|3505310335|3505310354|3505310355
159,942,DUS,6,1510.2,6590.0,10045.0,3505309554|3505309595|3505310257|3505310260|3505311021|3505310764
160,RESERVE,DUS,6,1509.8,3275.0,6770.0,3504657793|3504676385|3504676800|3505309765|3505309635|3505309634
161,UNASSIGNED,DUS,6,1506.8,895.0,5365.0,3504619223|3504618955|3504658255|3504676953|3504676930|3504676254
162,RESERVE,DUS,5,1506.8,940.0,5185.0,3504619233|3504761353|3504638669|3504676757|3504676312
163,UNASSIGNED,DUS,6,1505.8,520.0,4980.0,3504619249|3504618824|3504638211|3504638130|3504676250|3504676931
164,UNASSIGNED,DUS,7,1500.0,3305.0,6955.0,3504658284|3504658082|3504676646|3504676467|3504676474|3505309350|3505309648
165,76,DUS,6,1499.2,800.0,3750.0,3504619440|3504619441|3504638360|3504638583|3504657669|3504658172
166,UNASSIGNED,DUS,5,1493.0,365.0,5170.0,3504619274|3504638777|3504676355|3504676356|3504676819
167,UNASSIGNED,DUS,6,1490.4,2325.0,6630.0,3504638772|3504638773|3504676719|3504676375|3505309348|3505309646
168,UNASSIGNED,DUS,6,1490.0,860.0,5265.0,3504619416|3504619271|3504638528|3504638757|3504676918|3504676919
169,RESERVE,DUS,6,1489.8,1020.0,5015.0,3504618960|3504638312|3504638321|3504638322|3504676487|3504676889
170,RESERVE,DUS,4,1487.8,5195.0,9265.0,3504676729|3504676730|3505310237|3505311056
171,UNASSIGNED,DUS,5,1487.4,1035.0,5055.0,3504618946|3504638190|3504638678|3504676914|3504676389
172,193,DUS,5,1487.0,830.0,4200.0,3504619280|3504619325|3504638092|3504658191|3504658192
173,UNASSIGNED,DUS,6,1480.8,865.0,5370.0,3504619362|3504619224|3504658075|3504658076|3504676497|3504676504
174,UNASSIGNED,DUS,6,1480.4,370.0,5140.0,3504619221|3504619222|3504638554|3504638555|3504676717|3504676911
175,312,DUS,6,1480.2,2340.0,5640.0,3504638219|3504762521|3504657772|3504657774|3504676349|3504676712
176,UNASSIGNED,DUS,6,1477.4,6475.0,9855.0,3505309584|3505309539|3505310263|3505311177|3505311178|3505311179
177,RESERVE,DUS,4,1476.8,6150.0,9905.0,3505309356|3505309638|3505309992|3505311014
178,UNASSIGNED,DUS,7,1475.8,425.0,5290.0,3504619296|3504638846|3504638840|3504638295|3504676458|3504676462|3504676341
179,891,DUS,4,1475.6,6740.0,10035.0,3505309414|3505309415|3505311029|3505310861
180,828,DUS,6,1475.4,1805.0,5500.0,3504638814|3504658254|3504658031|3504676859|3504676912|3504676913
181,755,DUS,8,1475.0,435.0,3875.0,3504619482|3504619483|3504619412|3504638208|3504638173|3504658126|3504658181|3504658182
182,686,DUS,6,1474.8,365.0,4200.0,3504618980|3504618837|3504638145|3504638801|3504658229|3504658230
183,RESERVE,DUS,7,1467.8,980.0,5440.0,3504619420|3504619421|3504638720|3504638198|3504676667|3504676725|3504676891
184,UNASSIGNED,DUS,6,1466.0,6070.0,9950.0,3505309412|3505310296|3505310305|3505310260|3505311013|3505311143
185,UNASSIGNED,DUS,7,1465.2,1065.0,5640.0,3504618970|3504618969|3504657654|3504657940|3504657949|3504676755|3504676756
186,769,DUS,4,1460.8,7595.0,10040.0,3505310291|3505310175|3505310846|3505310849
187,876,DUS,5,1460.2,5530.0,8335.0,3504676544|3505309451|3505309582|3505309583|3505310275
188,UNASSIGNED,DUS,6,1457.6,5005.0,9390.0,3504676616|3505309281|3505309268|3505309269|3505311102|3505311103
189,UNASSIGNED,DUS,4,1456.4,4680.0,8635.0,3504676733|3505309411|3505310195|3505310109
190,36,DUS,7,1455.4,1825.0,5345.0,3504638787|3504638786|3504638818|3504658256|3504657588|3504676378|3504676608
191,108,DUS,6,1450.0,6770.0,9655.0,3505309641|3505309642|3505310402|3505310403|3505311144|3505310932
192,UNASSIGNED,DUS,6,1450.0,4775.0,8480.0,3504676910|3505309387|3505309358|3505310345|3505310406|3505310407
193,UNASSIGNED,DUS,7,1449.8,3315.0,8435.0,3504658280|3504676456|3504676396|3504676403|3505310358|3505310288|3505310314
194,UNASSIGNED,DUS,6,1449.6,2055.0,6805.0,3504638750|3504638206|3504657703|3504657840|3505309719|3505309551
195,702,DUS,6,1447.4,410.0,4205.0,3504619408|3504619321|3504638716|3504638717|3504658275|3504658276
196,37,DUS,7,1443.2,390.0,4200.0,3504619404|3504619405|3504638700|3504638557|3504638518|3504657672|3504657962
197,UNASSIGNED,DUS,7,1442.6,1135.0,3965.0,3504618987|3504638245|3504638279|3504638280|3504657675|3504657676|3504658132
198,UNASSIGNED,DUS,6,1440.4,440.0,5190.0,3504619292|3504619016|3504619011|3504638202|3504676345|3504676861
199,RESERVE,DUS,6,1440.0,6390.0,9985.0,3505309681|3505310391|3505310368|3505310369|3505311152|3505311153
200,936,DUS,4,1439.6,7915.0,10020.0,3505310273|3505310274|3505310937|3505561565
201,347,DUS,7,1439.4,815.0,4165.0,3504618806|3504619371|3504638090|3504638107|3504638519|3504658061|3504658064
202,96,DUS,5,1438.6,1800.0,5660.0,3504638526|3504638747|3504658159|3504676354|3504676681
203,UNASSIGNED,DUS,6,1435.4,2080.0,7080.0,3504638752|3504638218|3504676386|3504676387|3505309352|3505309521
204,UNASSIGNED,DUS,8,1435.0,985.0,5380.0,3504619364|3504619365|3504638718|3504638525|3504676707|3504676204|3504676198|3504676845
205,493,DUS,7,1435.0,435.0,4100.0,3504619384|3504619385|3504638778|3504658056|3504658122|3504658133|3504658134
206,879,DUS,6,1432.8,830.0,4140.0,3504619280|3504619281|3504619213|3504638513|3504658049|3504658108
207,UNASSIGNED,DUS,6,1432.6,725.0,5055.0,3504619337|3504618993|3504638821|3504638669|3504676735|3504676389
208,510,DUS,6,1432.0,6370.0,9975.0,3505309312|3505310264|3505310265|3505310266|3505311011|3505311012
209,UNASSIGNED,DUS,7,1431.4,6150.0,9645.0,3505309330|3505309456|3505310318|3505310420|3505310771|3505310790|3505310791
210,909,DUS,7,1428.6,1955.0,5030.0,3504638577|3504638170|3504638171|3504657775|3504657776|3504657757|3504676391
211,891,DUS,9,1428.2,780.0,3855.0,3504619452|3504619279|3504618925|3504638303|3504638166|3504638091|3504657655|3504657783|3504658270
212,875,DUS,6,1428.2,905.0,4155.0,3504619329|3504638662|3504638804|3504638150|3504658286|3504658287
213,UNASSIGNED,DUS,6,1427.4,6140.0,10000.0,3505309694|3505309693|3505309625|3505310333|3505310890|3505311042
214,942,DUS,9,1427.0,810.0,3970.0,3504619345|3504619301|3504619336|3504638794|3504638547|3504638490|3504657587|3504657606|3504657806
215,RESERVE,DUS,6,1426.8,3555.0,7130.0,3504658161|3504676847|3504676520|3504676381|3505309392|3505309393
216,63,DUS,6,1425.0,6390.0,9965.0,3505309664|3505310051|3505310056|3505310057|3505310850|3505311146
217,86,DUS,4,1424.8,490.0,2810.0,3504619135|3504619138|3504638834|3504638289
218,UNASSIGNED,DUS,5,1423.4,1895.0,5755.0,3504638588|3504658034|3504657659|3504676376|3504676494
219,692,DUS,7,1423.2,1140.0,4225.0,3504619207|3504638264|3504638709|3504638732|3504658180|3504658155|3504658156
220,58,DUS,6,1421.8,5415.0,7810.0,3504676751|3505309731|3505309306|3505309391|3505310044|3505310045
221,RESERVE,DUS,9,1421.6,1830.0,6720.0,3504638671|3504638672|3504638348|3504657813|3504658092|3504657658|3505309504|3505309360|3505309663
222,663,DUS,6,1420.2,6230.0,9595.0,3505309755|3505309567|3505310251|3505310252|3505311206|3505310875
223,711,DUS,6,1416.4,605.0,4185.0,3504619123|3504638363|3504638217|3504657607|3504657634|3504657635
224,UNASSIGNED,DUS,6,1415.8,5380.0,9315.0,3504676935|3505309720|3505309322|3505309323|3505310739|3505310961
225,UNASSIGNED,DUS,6,1415.2,1835.0,5700.0,3504638834|3504638835|3504638702|3504658156|3504676751|3504676415
226,629,DUS,8,1415.0,395.0,4105.0,3504619406|3504618967|3504638167|3504638168|3504638199|3504658038|3504657965|3504658140
227,RESERVE,DUS,5,1415.0,6150.0,9320.0,3505309334|3505310267|3505310093|3505311090|3505310988
228,710,DUS,4,1414.6,7565.0,10000.0,3505310197|3505310294|3505310819|3505310818
229,262,DUS,6,1413.8,6155.0,9855.0,3505309697|3505310300|3505310048|3505310817|3505310874|3505311209
230,UNASSIGNED,DUS,6,1409.8,5200.0,9630.0,3504676834|3504676837|3505309338|3505309339|3505310816|3505311089
231,951,DUS,5,1409.0,6815.0,9875.0,3505309274|3505309969|3505309949|3505311156|3505311157
232,297,DUS,7,1407.0,460.0,4200.0,3504619147|3504619150|3504638573|3504638657|3504657802|3504658211|3504658212
233,UNASSIGNED,DUS,6,1407.0,935.0,5670.0,3504619422|3504619424|3504658065|3504676940|3504676962|3504676306
234,UNASSIGNED,DUS,6,1407.0,4750.0,9635.0,3504676929|3505309307|3505309292|3505309293|3505310763|3505310889
235,RESERVE,DUS,6,1407.0,3245.0,6695.0,3504658039|3504676877|3504676772|3505309592|3505309593|3505309607
236,560,DUS,4,1406.8,370.0,4265.0,3504618977|3504638226|3504657610|3504657609
237,400,DUS,6,1406.0,965.0,4175.0,3504619486|3504619018|3504638323|3504638324|3504657866|3504657859
238,409,DUS,6,1405.8,6670.0,9820.0,3505309727|3505309728|3505310332|3505310262|3505311128|3505311006
239,83,DUS,4,1404.8,6165.0,9400.0,3505309590|3505310073|3505310826|3505310928
240,UNASSIGNED,DUS,6,1403.0,2100.0,5515.0,3504638209|3504638533|3504658113|3504676746|3504676709|3504676863
241,429,DUS,6,1399.8,785.0,4235.0,3504618943|3504618944|3504618954|3504638196|3504638223|3504764138
242,555,DUS,6,1397.0,890.0,3550.0,3504619430|3504619431|3504638354|3504638353|3504658001|3504657593
243,131,DUS,6,1396.6,6160.0,10100.0,3505309732|3505310089|3505310042|3505310043|3505310838|3505310762
244,143,DUS,7,1396.4,815.0,4210.0,3504618806|3504619218|3504619288|3504638561|3504638094|3504658149|3504658152
245,RESERVE,DUS,6,1394.8,785.0,3520.0,3504618956|3504618958|3504638225|3504638781|3504658259|3504658260
246,UNASSIGNED,DUS,7,1392.6,4000.0,8565.0,3504657797|3505309381|3505309333|3505309594|3505310425|3505310443|3505310009
247,UNASSIGNED,DUS,5,1392.2,4095.0,8525.0,3504657653|3505309729|3505310428|3505310408|3505310409
248,UNASSIGNED,DUS,6,1390.4,365.0,5095.0,3504619272|3504619273|3504638552|3504638805|3504676888|3504676893
249,949,DUS,4,1390.4,6180.0,9965.0,3505309510|3505310298|3505311051|3505311109
250,824,DUS,5,1389.8,370.0,4190.0,3504618965|3504619192|3504638309|3504762878|3504658128
251,UNASSIGNED,DUS,5,1389.6,3245.0,6620.0,3504658043|3504658110|3504676765|3504676379|3505309477
252,UNASSIGNED,DUS,4,1388.6,6200.0,9475.0,3505309741|3505310091|3505310297|3505310805
253,UNASSIGNED,DUS,7,1387.4,905.0,5620.0,3504619334|3504619073|3504619078|3504658075|3504658076|3504676761|3504676973
254,12,DUS,6,1386.6,1820.0,5580.0,3504638155|3504638283|3504657661|3504676909|3504676870|3504676871
255,UNASSIGNED,DUS,5,1384.8,495.0,5505.0,3504619320|3504619025|3504658153|3504676841|3504676811
256,352,DUS,7,1383.2,715.0,3530.0,3504618825|3504619269|3504638176|3504638189|3504638707|3504657586|3504658130
257,RESERVE,DUS,6,1382.0,1000.0,5020.0,3504619418|3504618971|3504657736|3504657742|3504676371|3504676519
258,62,DUS,5,1380.4,6640.0,9740.0,3505309703|3505310071|3505310026|3505311001|3505311002
259,UNASSIGNED,DUS,5,1379.8,1060.0,5550.0,3504618789|3504658041|3504676718|3504676747|3504676942
260,184,DUS,6,1379.8,740.0,4230.0,3504618997|3504618998|3504618968|3504638124|3504657608|3504658202
261,380,DUS,5,1377.2,6155.0,9645.0,3505309753|3505310095|3505310208|3505310742|3505310827
262,153,DUS,6,1371.6,345.0,3540.0,3504618834|3504618978|3504638221|3504638222|3504657766|3504658236
263,640,DUS,7,1371.6,1825.0,5630.0,3504638088|3504638580|3504658142|3504658207|3504657605|3504676225|3504676899
264,UNASSIGNED,DUS,6,1370.4,3410.0,7100.0,3504658094|3504676435|3504676436|3504676663|3505309530|3505309662
265,86,DUS,6,1370.0,6670.0,9980.0,3505309727|3505309728|3505310410|3505554052|3505310999|3505311105
266,153,DUS,6,1370.0,5300.0,8395.0,3504676898|3504676786|3505309586|3505310377|3505310384|3505310387
267,UNASSIGNED,DUS,7,1368.8,2085.0,6885.0,3504638816|3504638322|3504657871|3504657704|3505309331|3505309372|3505309674
268,UNASSIGNED,DUS,7,1368.6,1085.0,5560.0,3504619219|3504618809|3504657580|3504658022|3504676346|3504676394|3504676934
269,593,DUS,4,1368.0,470.0,3580.0,3504619015|3504619481|3504638522|3504657599
270,581,DUS,7,1366.6,5330.0,8515.0,3504676933|3504676744|3505309570|3505309597|3505309947|3505310439|3505310440
271,UNASSIGNED,DUS,6,1366.4,1035.0,3905.0,3504618989|3504638267|3504638287|3504657786|3504657671|3504657595
272,944,DUS,5,1363.8,1860.0,5505.0,3504638269|3504658252|3504658179|3504676873|3504676190
273,509,DUS,7,1363.0,440.0,3810.0,3504619484|3504619000|3504638175|3504638476|3504657604|3504658046|3504658122
274,307,DUS,6,1360.8,350.0,2755.0,3504618964|3504619014|3504638802|3504638553|3504638520|3504638729
275,UNASSIGNED,DUS,4,1360.4,5255.0,9415.0,3504676878|3505309531|3505311106|3505311107
276,276,DUS,4,1360.2,6140.0,9325.0,3505309378|3505309379|3505310098|3505311038
277,UNASSIGNED,DUS,6,1360.0,6245.0,9355.0,3505309575|3505309506|3505310018|3505310308|3505310927|3505311123
278,97,DUS,4,1360.0,7050.0,9580.0,3505309759|3505310459|3505311116|3505311117
279,875,DUS,6,1360.0,6590.0,9895.0,3505309725|3505309555|3505310249|3505311018|3505311009|3505311133
280,UNASSIGNED,DUS,8,1359.0,1100.0,5610.0,3504619312|3504618942|3504657654|3504658120|3504658171|3504676348|3504676335|3504676191
281,UNASSIGNED,DUS,5,1358.8,3185.0,8010.0,3504657795|3504676722|3504676680|3505310090|3505310437
282,RESERVE,DUS,6,1358.6,3430.0,7080.0,3504658137|3504657820|3504676741|3504676744|3505309562|3505309563
283,UNASSIGNED,DUS,4,1357.4,4740.0,8590.0,3504676966|3505309419|3505309410|3505310302
284,104,DUS,7,1356.0,6375.0,10100.0,3505309604|3505309554|3505310005|3505310014|3505310113|3505310968|3505310881
285,409,DUS,6,1355.4,845.0,3825.0,3504619412|3504619266|3504638465|3504658093|3504657642|3504657643
286,UNASSIGNED,DUS,4,1352.8,3300.0,7085.0,3504658035|3504676214|3505309566|3505309758
287,714,DUS,5,1350.4,6470.0,10195.0,3505309250|3505310000|3505310417|3505310116|3505310969
288,404,DUS,6,1350.2,5435.0,7840.0,3504676687|3505309513|3505309550|3505309391|3505310046|3505310047
289,97,DUS,6,1350.0,760.0,3595.0,3504619376|3504619377|3504638746|3504638753|3504658177|3504658178
290,UNASSIGNED,DUS,7,1349.8,4145.0,8580.0,3504658139|3505309455|3505309572|3505309408|3505309409|3505310067|3505310066
291,UNASSIGNED,DUS,6,1346.6,6170.0,9835.0,3505309705|3505309301|3505310447|3505311034|3505310989|3505311095
292,82,DUS,6,1346.0,6660.0,9955.0,3505309685|3505309413|3505310352|3505310037|3505310939|3505310936
293,191,DUS,8,1345.4,665.0,3580.0,3504619368|3504618807|3504618840|3504638146|3504638153|3504638180|3504657598|3504658166
294,UNASSIGNED,DUS,7,1345.4,365.0,5375.0,3504619272|3504638769|3504638728|3504638729|3504676858|3504676708|3504676810
295,UNASSIGNED,DUS,8,1345.0,1850.0,6585.0,3504638800|3504638801|3504638724|3504658170|3504658173|3504658174|3505309710|3505309709
296,UNASSIGNED,DUS,5,1344.2,4690.0,8395.0,3504676518|3505309423|3505309251|3505310062|3505310387
297,UNASSIGNED,DUS,6,1341.6,815.0,5665.0,3504619360|3504618805|3504658227|3504658228|3504676840|3504676843
298,UNASSIGNED,DUS,6,1341.6,1900.0,6390.0,3504638106|3504638725|3504658215|3504658216|3505309623|3505309624
299,UNASSIGNED,DUS,6,1340.2,1055.0,3495.0,3504619462|3504638152|3504638127|3504638387|3504657766|3504657623
300,UNASSIGNED,DUS,6,1338.2,6220.0,10025.0,3505309264|3505310349|3505310388|3505310825|3505310832|3505310748
301,UNASSIGNED,DUS,4,1336.0,4720.0,8620.0,3504676832|3505309620|3505309669|3505310105
302,253,DUS,7,1331.6,305.0,3810.0,3504618820|3504618821|3504638121|3504638126|3504657628|3504658066|3504658122
303,UNASSIGNED,DUS,6,1329.8,3290.0,7000.0,3504658125|3504658095|3504676486|3504676342|3505309390|3505309722
304,UNASSIGNED,DUS,4,1329.4,2575.0,6795.0,3504638275|3504657778|3505309478|3505309486
305,UNASSIGNED,DUS,7,1328.2,1055.0,5345.0,3504618851|3504619287|3504638564|3504638565|3504676338|3504676347|3504676206
306,UNASSIGNED,DUS,5,1327.8,3780.0,8150.0,3504658131|3504676382|3504676730|3505310227|3505310359
307,944,DUS,4,1325.6,7555.0,9355.0,3505310058|3505310244|3505310882|3505310883
308,UNASSIGNED,DUS,4,1325.0,4750.0,8530.0,3504676884|3505309670|3505310386|3505310379
309,UNASSIGNED,DUS,7,1324.8,3380.0,7080.0,3504657921|3504676709|3504676350|3505309404|3505309405|3505309394|3505309734
310,UNASSIGNED,DUS,4,1324.6,1200.0,5715.0,3504619306|3504619307|3504658187|3504676362
311,390,DUS,4,1324.4,470.0,4190.0,3504619316|3504638204|3504657626|3504657627
312,623,DUS,6,1322.0,6180.0,9645.0,3505309552|3505310258|3505310225|3505311091|3505311088|3505310728
313,524,DUS,4,1320.6,1900.0,5660.0,3504638181|3504658032|3504676948|3504676752
314,714,DUS,8,1317.0,425.0,4195.0,3504619019|3504618966|3504638243|3504638545|3504638552|3504658246|3504658175|3504658176
315,UNASSIGNED,DUS,4,1315.6,5455.0,9280.0,3504676351|3505309626|3505310954|3505310930
316,UNASSIGNED,DUS,7,1315.4,920.0,5375.0,3504619209|3504619127|3504658111|3504658112|3504676777|3504676704|3504676810
317,201,DUS,6,1315.0,765.0,3655.0,3504619410|3504618969|3504638187|3504638703|3504658183|3504658184
318,84,DUS,4,1314.8,375.0,2765.0,3504619489|3504619002|3504638770|3504638771
319,882,DUS,7,1314.8,1820.0,5390.0,3504638145|3504638551|3504638546|3504658238|3504658123|3504676340|3504676673
320,UNASSIGNED,DUS,6,1310.0,5415.0,8290.0,3504676826|3505309615|3505309661|3505310107|3505310112|3505310456
321,UNASSIGNED,DUS,5,1310.0,1240.0,5065.0,3504619130|3504638499|3504638490|3504676445|3504676449
322,UNASSIGNED,DUS,4,1309.6,4670.0,8250.0,3504676390|3505309700|3505310412|3505310081
323,UNASSIGNED,DUS,6,1308.8,3430.0,6725.0,3504658199|3504676782|3504676333|3505309574|3505309651|3505309652
324,102,DUS,4,1308.0,7480.0,10000.0,3505310010|3505310446|3505310734|3505310833
325,UNASSIGNED,DUS,6,1305.4,4740.0,8515.0,3504676745|3505309309|3505309276|3505309277|3505309962|3505310355
326,751,DUS,4,1305.0,6500.0,8390.0,3505309667|3505309668|3505310394|3505310395
327,UNASSIGNED,DUS,8,1305.0,4900.0,8370.0,3504676822|3504676201|3504676194|3505309609|3505309683|3505309541|3505310140|3505310138
328,945,DUS,4,1302.8,6775.0,9590.0,3505309760|3505310464|3505310283|3505310986
329,UNASSIGNED,DUS,6,1302.8,6120.0,9835.0,3505309578|3505310329|3505310137|3505310913|3505311094|3505311095
330,55,DUS,5,1302.2,1950.0,5595.0,3504638774|3504657764|3504658090|3504676814|3504676336
331,UNASSIGNED,DUS,5,1301.8,5405.0,8170.0,3504676598|3505309585|3505310030|3505310031|3505310277
332,686,DUS,6,1301.0,6380.0,9510.0,3505309416|3505310011|3505309984|3505309985|3505310724|3505311093
333,UNASSIGNED,DUS,6,1300.4,1070.0,5070.0,3504619354|3504619355|3504638812|3504638278|3504676368|3504676720
334,RESERVE,DUS,5,1294.8,4670.0,8070.0,3504676384|3504676794|3505309331|3505310032|3505310351
335,UNASSIGNED,DUS,5,1292.4,4680.0,7975.0,3504676791|3504676792|3505309332|3505310096|3505310453
336,929,DUS,4,1292.4,6465.0,9840.0,3505309655|3505310290|3505311063|3505311064
337,UNASSIGNED,DUS,4,1290.0,1020.0,5360.0,3504619378|3504638733|3504676884|3504676885
338,UNASSIGNED,DUS,4,1287.4,4685.0,9335.0,3504676793|3505309704|3505311086|3505311087
339,941,DUS,4,1285.4,6890.0,9560.0,3505309621|3505310325|3505310462|3505311040
340,347,DUS,6,1285.0,6625.0,9585.0,3505309745|3505309317|3505309953|3505310041|3505310804|3505311149
341,UNASSIGNED,DUS,4,1284.0,605.0,4405.0,3504619123|3504638680|3504638756|3504657832
342,RESERVE,DUS,4,1282.4,6130.0,9285.0,3505309346|3505309740|3505310880|3505310740
343,270,DUS,4,1279.8,6890.0,9500.0,3505309621|3505310325|3505310462|3505310841
344,UNASSIGNED,DUS,6,1275.0,755.0,5285.0,3504619480|3504638831|3504638683|3504676823|3504676866|3504676867
345,894,DUS,4,1270.4,410.0,4215.0,3504619432|3504638541|3504658051|3504658052
346,UNASSIGNED,DUS,4,1270.4,2070.0,6540.0,3504638766|3504657711|3505309370|3505309537
347,359,DUS,4,1270.0,400.0,2120.0,3504618982|3504618983|3504638722|3504638517
348,448,DUS,4,1270.0,6820.0,9880.0,3505309653|3505310361|3505311118|3505311119
349,UNASSIGNED,DUS,5,1268.6,4720.0,9705.0,3504676211|3505309359|3505311044|3505311055|3505310893
350,UNASSIGNED,DUS,6,1268.2,820.0,5085.0,3504619356|3504618990|3504638169|3504638178|3504676555|3504676554
351,73,DUS,4,1266.0,7580.0,9960.0,3505310374|3505310196|3505311140|3505311141
352,38,DUS,6,1265.4,1955.0,5555.0,3504638577|3504657581|3504657594|3504658030|3504676723|3504676724
353,UNASSIGNED,DUS,5,1264.8,5160.0,8575.0,3504676920|3505309591|3505309253|3505310020|3505310103
354,817,DUS,4,1264.6,6840.0,9320.0,3505309406|3505309407|3505310074|3505310847
355,UNASSIGNED,DUS,4,1264.4,6125.0,9360.0,3505309424|3505309589|3505311047|3505311048
356,711,DUS,5,1261.0,6890.0,9455.0,3505309621|3505310325|3505310278|3505310301|3505310879
357,16,DUS,4,1260.8,355.0,2775.0,3504619240|3504619257|3504638500|3504638513
358,448,DUS,6,1260.4,1080.0,4070.0,3504619352|3504619353|3504638798|3504638259|3504657701|3504658050
359,UNASSIGNED,DUS,5,1259.8,4740.0,7985.0,3504676807|3505309564|3505309401|3505310400|3505310401
360,UNASSIGNED,DUS,6,1256.4,1135.0,5685.0,3504618995|3504618862|3504657622|3504676395|3504676453|3504676328
361,857,DUS,4,1255.8,6845.0,9930.0,3505309520|3505310035|3505310074|3505311022
362,570,DUS,6,1255.2,6850.0,9290.0,3505309576|3505310282|3505310023|3505310213|3505311027|3505311173
363,UNASSIGNED,DUS,7,1255.0,370.0,5405.0,3504619493|3504619297|3504619332|3504638683|3504676547|3504676551|3504676969
364,329,DUS,4,1254.8,6140.0,9955.0,3505309386|3505310236|3505311035|3505311195
365,879,DUS,6,1252.0,6610.0,9415.0,3505309420|3505310101|3505310084|3505310085|3505310822|3505311107
366,509,DUS,4,1251.4,6400.0,10015.0,3505309300|3505310075|3505310834|3505310835
367,RESERVE,DUS,4,1251.4,3500.0,7055.0,3504657614|3504676905|3505309647|3505309353
368,401,DUS,6,1250.4,1105.0,4160.0,3504619458|3504618841|3504638149|3504638555|3504658071|3504658072
369,UNASSIGNED,DUS,6,1250.4,6190.0,9685.0,3505309751|3505310268|3505310223|3505310353|3505311092|3505310990
370,49,DUS,4,1250.4,7865.0,9960.0,3505310350|3505310224|3505311114|3505311115
371,190,DUS,5,1248.8,1865.0,5660.0,3504638562|3504658074|3504676677|3504676207|3504676208
372,RESERVE,DUS,4,1246.6,2520.0,5360.0,3504638329|3504657834|3504676939|3504676748
373,UNASSIGNED,DUS,7,1245.4,1095.0,5635.0,3504619286|3504618992|3504657656|3504658061|3504676742|3504676711|3504676865
374,593,DUS,4,1242.8,7980.0,9935.0,3505310382|3505310248|3505311132|3505311058
375,50,DUS,4,1242.0,365.0,3460.0,3504619276|3504638782|3504638804|3504657629
376,26,DUS,4,1241.2,6960.0,9695.0,3505309444|3505310139|3505310884|3505310885
377,96,DUS,5,1240.0,6735.0,9985.0,3505309606|3505309442|3505310138|3505311074|3505311075
378,UNASSIGNED,DUS,6,1240.0,5025.0,9375.0,3504676875|3505309658|3505309647|3505309648|3505311190|3505311191
379,UNASSIGNED,DUS,5,1239.8,1850.0,6560.0,3504638822|3504638563|3504657925|3505309711|3505309712
380,45,DUS,4,1239.8,6565.0,9900.0,3505309631|3505310087|3505311162|3505311163
381,UNASSIGNED,DUS,4,1239.8,3820.0,7955.0,3504657705|3504676383|3505310094|3505310448
382,621,DUS,6,1235.0,7880.0,9965.0,3505310380|3505310246|3505310215|3505310982|3505310997|3505311109
383,894,DUS,6,1235.0,6170.0,9480.0,3505309614|3505310280|3505310293|3505310059|3505310836|3505311145
384,755,DUS,4,1232.0,6155.0,9465.0,3505309657|3505310365|3505309955|3505310982
385,UNASSIGNED,DUS,4,1231.6,5050.0,9470.0,3504676227|3505309682|3505311150|3505311151
386,UNASSIGNED,DUS,4,1231.4,4905.0,8325.0,3504676311|3505309565|3505309487|3505310385
387,629,DUS,6,1230.0,6425.0,9935.0,3505309645|3505309351|3505310068|3505309993|3505310716|3505311081
388,UNASSIGNED,DUS,6,1229.8,5470.0,8345.0,3504676943|3505309730|3505309354|3505310434|3505310426|3505310430
389,UNASSIGNED,DUS,6,1227.6,3280.0,6680.0,3504658147|3504676833|3504676253|3505309389|3505309400|3505309417
390,638,DUS,4,1226.8,6965.0,9705.0,3505309508|3505310216|3505310884|3505310725
391,45,DUS,4,1225.4,940.0,3760.0,3504619233|3504638229|3504657690|3504658200
392,UNASSIGNED,DUS,7,1225.0,435.0,5375.0,3504619450|3504638239|3504638185|3504638521|3504676757|3504676758|3504676810
393,RESERVE,DUS,6,1225.0,1840.0,6400.0,3504638810|3504638272|3504657741|3504657753|3505309398|3505309744
394,679,DUS,2,1220.8,7980.0,9795.0,3505310104|3505310821
395,903,DUS,4,1215.6,8240.0,9915.0,3505310036|3505310226|3505310942|3505310941
396,UNASSIGNED,DUS,7,1210.0,2555.0,7095.0,3504638704|3504638705|3504676952|3505309347|3505309336|3505309540|3505309684
397,80,DUS,4,1208.6,1790.0,5550.0,3504638125|3504657804|3504676900|3504676901
398,UNASSIGNED,DUS,5,1208.4,5015.0,9335.0,3504676818|3505309316|3505309317|3505310784|3505310785
399,603,DUS,6,1207.0,7610.0,9885.0,3505310422|3505310304|3505310287|3505311099|3505310894|3505311125
400,403,DUS,6,1205.0,1850.0,5630.0,3504638780|3504658222|3504658233|3504676926|3504676922|3504676925
401,46,DUS,4,1204.8,6445.0,9420.0,3505309364|3505310357|3505311110|3505311111
402,131,DUS,4,1204.0,375.0,2680.0,3504619247|3504619176|3504638253|3504638797
403,909,DUS,4,1202.4,7700.0,9610.0,3505310243|3505310117|3505310886|3505310887
404,640,DUS,4,1202.0,7505.0,9395.0,3505309980|3505310238|3505311003|3505311004
405,702,DUS,4,1201.6,6175.0,9410.0,3505309629|3505309260|3505310759|3505310760
406,36,DUS,6,1201.6,7670.0,10040.0,3505310454|3505310097|3505310040|3505310718|3505310778|3505310779
407,UNASSIGNED,DUS,4,1201.0,4715.0,8020.0,3504676970|3504676509|3505310372|3505310373
408,704,DUS,4,1200.0,6160.0,9960.0,3505309619|3505310327|3505311210|3505311211
409,616,DUS,4,1195.4,7570.0,9415.0,3505310356|3505310228|3505311154|3505311155
410,679,DUS,4,1195.4,1825.0,5610.0,3504638088|3504657921|3504658057|3504676921
411,UNASSIGNED,DUS,5,1189.8,3595.0,7040.0,3504658205|3504676722|3504676342|3504676414|3505309395
412,UNASSIGNED,DUS,4,1187.4,2325.0,6635.0,3504638352|3504657983|3505309544|3505309698
413,869,DUS,4,1185.4,6890.0,9970.0,3505309621|3505310325|3505310408|3505311016
414,270,DUS,6,1184.8,675.0,4185.0,3504619466|3504638817|3504638796|3504638549|3504658073|3504657782
415,UNASSIGNED,DUS,4,1184.8,4725.0,8585.0,3504676954|3505309561|3505310261|3505310039
416,329,DUS,6,1184.8,420.0,2780.0,3504619358|3504618942|3504638348|3504638353|3504638564|3504638827
417,UNASSIGNED,DUS,4,1181.6,1080.0,5115.0,3504618812|3504638719|3504676886|3504676887
418,57,DUS,4,1180.0,8225.0,9975.0,3505310457|3505310458|3505311120|3505311121
419,616,DUS,4,1175.4,1875.0,5040.0,3504638536|3504657847|3504658269|3504676965
420,653,DUS,6,1175.0,2100.0,5335.0,3504638830|3504657784|3504657777|3504676946|3504676854|3504676855
421,309,DUS,4,1170.2,7440.0,10100.0,3505310176|3505310115|3505310892|3505310881
422,49,DUS,6,1170.0,1870.0,5470.0,3504638792|3504657773|3504657787|3504676971|3504676896|3504676897
423,469,DUS,4,1169.8,6890.0,9880.0,3505309621|3505310325|3505310408|3505310845
424,UNASSIGNED,DUS,7,1167.8,1080.0,5170.0,3504619468|3504619289|3504638354|3504638349|3504676947|3504676413|3504676819
425,144,DUS,5,1167.4,6735.0,9480.0,3505309606|3505310279|3505310280|3505311069|3505311070
426,883,DUS,4,1165.4,6670.0,9460.0,3505309727|3505309728|3505310372|3505310996
427,UNASSIGNED,DUS,4,1163.2,4725.0,8240.0,3504676954|3505309742|3505310025|3505310316
428,16,DUS,4,1162.6,5425.0,8225.0,3504676297|3505309750|3505310378|3505310194
429,UNASSIGNED,DUS,4,1162.4,2365.0,5385.0,3504638362|3504658138|3504658181|3504676874
430,UNASSIGNED,DUS,5,1162.0,1165.0,5040.0,3504619083|3504638351|3504638174|3504676357|3504676212
431,37,DUS,4,1161.6,6345.0,10125.0,3505309612|3505309956|3505310729|3505310730
432,RESERVE,DUS,5,1159.8,2545.0,5395.0,3504638197|3504657678|3504658088|3504658115|3504676977
433,503,DUS,4,1159.2,4560.0,6995.0,3504676585|3504676597|3505309470|3505309686
434,UNASSIGNED,DUS,4,1158.4,5445.0,8745.0,3504676830|3505309617|3505310184|3505310183
435,828,DUS,4,1157.4,6670.0,10015.0,3505309727|3505309728|3505310372|3505311054
436,UNASSIGNED,DUS,7,1156.6,2355.0,5630.0,3504638681|3504657976|3504658122|3504658239|3504676932|3504676820|3504676195
437,11,DUS,4,1154.8,6670.0,10050.0,3505309727|3505309728|3505310398|3505310839
438,UNASSIGNED,DUS,5,1154.0,5485.0,9465.0,3504676534|3505309441|3505311045|3505310788|3505310789
439,RESERVE,DUS,4,1151.6,1815.0,6430.0,3504638783|3504658058|3505309516|3505309265
440,882,DUS,4,1151.0,7500.0,9390.0,3505310106|3505310367|3505311098|3505311099
441,351,DUS,4,1150.8,220.0,2485.0,3504619177|3504619419|3504638794|3504638142
442,945,DUS,6,1150.0,1140.0,4220.0,3504619335|3504618921|3504638201|3504638739|3504658263|3504658264
443,521,DUS,3,1146.4,7810.0,10135.0,3505310022|3505311061|3505310756
444,253,DUS,5,1146.2,5130.0,8445.0,3504676768|3504676546|3505309509|3505310027|3505310276
445,UNASSIGNED,DUS,8,1145.0,1110.0,5065.0,3504619474|3504618996|3504638461|3504638465|3504638292|3504638162|3504676770|3504676767
446,11,DUS,7,1142.8,725.0,3890.0,3504619337|3504618922|3504619109|3504638583|3504638172|3504638258|3504658238
447,38,DUS,2,1142.6,7980.0,10070.0,3505310104|3505310717
448,UNASSIGNED,DUS,5,1140.4,1860.0,6695.0,3504638550|3504658114|3505309580|3505309581|3505309607
449,168,DUS,4,1140.0,7050.0,9965.0,3505309618|3505310323|3505311108|3505311109
450,936,DUS,5,1139.4,2575.0,5645.0,3504638096|3504657681|3504658188|3504658145|3504676831
451,RESERVE,DUS,4,1135.4,6145.0,9335.0,3505309763|3505310101|3505310050|3505310994
452,835,DUS,3,1135.0,8385.0,9895.0,3505310210|3505311130|3505311010
453,UNASSIGNED,DUS,5,1134.8,1860.0,5530.0,3504638675|3504657939|3504658077|3504676762|3504676660
454,RESERVE,DUS,4,1132.4,3770.0,6410.0,3504658107|3504676726|3505309548|3505309718
455,742,DUS,6,1130.0,6905.0,9765.0,3505309602|3505310312|3505310429|3505311175|3505311100|3505311101
456,721,DUS,4,1129.8,6210.0,9845.0,3505309637|3505310049|3505310830|3505310831
457,555,DUS,4,1129.6,7560.0,9270.0,3505310076|3505310077|3505310088|3505310855
458,7,DUS,4,1127.4,6830.0,10015.0,3505309749|3505310444|3505311136|3505311060
459,5,DUS,5,1127.0,955.0,4215.0,3504618788|3504619324|3504619283|3504638510|3504657996
460,RESERVE,DUS,6,1126.6,2115.0,5345.0,3504638708|3504658162|3504658247|3504676267|3504676198|3504676199
461,521,DUS,4,1125.4,2175.0,5630.0,3504638530|3504638759|3504658267|3504676963
462,RESERVE,DUS,4,1125.0,5465.0,8500.0,3504676804|3505309603|3505310462|3505310461
463,73,DUS,7,1125.0,1860.0,5660.0,3504638665|3504638568|3504638569|3504658083|3504676462|3504676432|3504676961
464,RESERVE,DUS,4,1121.6,4980.0,8150.0,3504676906|3505309693|3505309757|3505310015
465,RESERVE,DUS,6,1120.4,1105.0,5190.0,3504619282|3504638803|3504638728|3504638110|3504676203|3504676861
466,47,DUS,4,1120.4,8065.0,9965.0,3505310441|3505310266|3505311147|3505311146
467,UNASSIGNED,DUS,6,1120.0,3385.0,6790.0,3504658248|3504676945|3504676844|3505309630|3505309677|3505309678
468,510,DUS,4,1120.0,410.0,3885.0,3504619464|3504638815|3504658257|3504658258
469,UNASSIGNED,DUS,5,1119.4,3345.0,6785.0,3504658129|3504676359|3505309357|3505309350|3505309267
470,352,DUS,6,1115.0,7600.0,9655.0,3505310376|3505310381|3505311076|3505311077|3505311126|3505311127
471,RESERVE,DUS,6,1111.6,5435.0,8540.0,3504676842|3504676352|3505309390|3505310003|3505309964|3505309965
472,RESERVE,DUS,4,1110.4,6170.0,9420.0,3505309743|3505310442|3505311122|3505311008
473,55,DUS,4,1110.0,7735.0,9960.0,3505310390|3505310061|3505310808|3505311141
474,RESERVE,DUS,4,1105.4,1810.0,5655.0,3504638746|3504638537|3504657985|3504676689
475,UNASSIGNED,DUS,6,1105.0,3385.0,7075.0,3504658248|3504676945|3504676950|3505309738|3505309687|3505309688
476,170,DUS,5,1105.0,995.0,3810.0,3504619388|3504638200|3504657698|3504658044|3504658122
477,RESERVE,DUS,5,1104.2,4785.0,8345.0,3504676816|3505309507|3505310271|3505310272|3505310209
478,UNASSIGNED,DUS,5,1099.2,1860.0,5425.0,3504638477|3504638514|3504658164|3504658261|3504676959
479,RESERVE,DUS,4,1097.4,1110.0,4965.0,3504619322|3504638535|3504676670|3504676817
480,UNASSIGNED,DUS,6,1097.0,4045.0,6695.0,3504657805|3504676373|3504676432|3505309399|3505309573|3505309607
481,UNASSIGNED,DUS,7,1091.8,2490.0,6525.0,3504638687|3504658142|3504658121|3504657952|3505309308|3505309553|3505309605
482,623,DUS,2,1091.0,430.0,2480.0,3504619495|3504638326
483,UNASSIGNED,DUS,6,1086.6,2555.0,6870.0,3504638704|3504638705|3504676952|3505309313|3505309727|3505309728
484,RESERVE,DUS,6,1083.8,5200.0,8445.0,3504676958|3504676434|3505309253|3505309948|3505310307|3505310468
485,656,DUS,5,1081.8,6615.0,9970.0,3505309610|3505309966|3505309967|3505309958|3505311085
486,560,DUS,5,1080.4,6180.0,9590.0,3505309717|3505310419|3505310431|3505310855|3505310800
487,RESERVE,DUS,4,1075.4,6885.0,9370.0,3505309616|3505310320|3505310449|3505311032
488,RESERVE,DUS,6,1071.6,690.0,4980.0,3504618858|3504638154|3504638096|3504638497|3504676739|3504676931
489,RESERVE,DUS,4,1069.8,920.0,5085.0,3504619003|3504638301|3504676357|3504676853
490,RESERVE,DUS,4,1065.0,4750.0,7910.0,3504676553|3504676557|3505310108|3505310375
491,863,DUS,5,1062.8,8095.0,9900.0,3505310315|3505310086|3505311083|3505311160|3505311161
492,UNASSIGNED,DUS,6,1060.0,1060.0,5440.0,3504619454|3504618988|3504638575|3504676332|3504676374|3504676891
493,RESERVE,DUS,4,1059.8,6770.0,10020.0,3505309721|3505310083|3505310159|3505310940
494,201,DUS,5,1057.4,6650.0,9460.0,3505309600|3505310310|3505310313|3505311049|3505311050
495,UNASSIGNED,DUS,5,1057.4,1110.0,3715.0,3504619474|3504638156|3504657592|3504657670|3504658088
496,RESERVE,DUS,4,1055.0,4700.0,8520.0,3504676904|3505309291|3505309310|3505310432
497,UNASSIGNED,DUS,4,1054.8,3265.0,5655.0,3504658165|3504657680|3504676343|3504676344
498,190,DUS,2,1052.8,7560.0,9975.0,3505310285|3505310998
499,UNASSIGNED,DUS,4,1050.4,3280.0,7085.0,3504658251|3504676949|3505309733|3505309559
500,RESERVE,DUS,8,1050.0,2490.0,7075.0,3504638667|3504638670|3504676828|3504676829|3504676802|3505309601|3505309649|3505309650
501,UNASSIGNED,DUS,5,1047.8,1130.0,5625.0,3504619460|3504658250|3504657822|3504676556|3504676821
502,UNASSIGNED,DUS,4,1044.8,1110.0,3480.0,3504619001|3504638844|3504658243|3504658244
503,685,DUS,4,1044.2,1840.0,4175.0,3504638694|3504638697|3504657833|3504658210
504,UNASSIGNED,DUS,4,1042.0,1060.0,4785.0,3504619290|3504619475|3504638673|3504676769
505,20,DUS,4,1041.6,7580.0,9355.0,3505310396|3505310397|3505310929|3505311123
506,RESERVE,DUS,4,1041.0,1065.0,4950.0,3504619017|3504638841|3504676838|3504676839
507,307,DUS,4,1035.0,5315.0,7955.0,3504676972|3505309756|3505310370|3505310371
508,RESERVE,DUS,4,1035.0,6290.0,9975.0,3505309440|3505310136|3505311164|3505311165
509,UNASSIGNED,DUS,4,1020.0,4010.0,6610.0,3504658151|3504676835|3505309671|3505309672
510,RESERVE,DUS,4,1016.4,6170.0,9835.0,3505309723|3505310005|3505310435|3505310813
511,UNASSIGNED,DUS,4,1015.0,3310.0,6575.0,3504658144|3504658146|3505309701|3505309702
512,RESERVE,DUS,4,1012.6,5440.0,8565.0,3504676270|3505309724|3505309737|3505310111
513,RESERVE,DUS,4,1012.4,4720.0,8595.0,3504676532|3505309439|3505309633|3505310284
514,696,DUS,4,1006.6,5390.0,8070.0,3504676213|3505309272|3505309960|3505310351
515,RESERVE,DUS,6,1005.0,1100.0,4920.0,3504619478|3504638829|3504638726|3504638186|3504676330|3504676813
516,401,DUS,4,1004.8,8030.0,9610.0,3505310424|3505310306|3505311067|3505310859
517,743,DUS,4,1002.0,7620.0,9645.0,3505310255|3505310773|3505310727|3505310728
518,RESERVE,DUS,4,1001.6,2210.0,6600.0,3504638788|3504658234|3505309763|3505309329
519,UNASSIGNED,DUS,4,1000.0,3890.0,7910.0,3504658167|3504676360|3505310060|3505310375
520,UNASSIGNED,DUS,4,997.4,2080.0,5635.0,3504638828|3504658268|3504676941|3504676798
521,RESERVE,DUS,4,995.0,2000.0,6535.0,3504638808|3504657807|3505309659|3505309660
522,UNASSIGNED,DUS,4,989.8,2055.0,5650.0,3504638236|3504638789|3504657808|3504676944
523,RESERVE,DUS,4,979.8,1180.0,4920.0,3504618991|3504638813|3504676937|3504676938
524,RESERVE,DUS,4,975.0,5545.0,9375.0,3504676824|3505309509|3505311033|3505311191
525,RESERVE,DUS,4,975.0,5450.0,9425.0,3504676836|3505309622|3505311158|3505311159
526,62,DUS,3,973.6,1005.0,2220.0,3504619333|3504638570|3504638571
527,RESERVE,DUS,4,970.0,5280.0,8515.0,3504676862|3505309517|3505310247|3505310389
528,UNASSIGNED,DUS,6,960.0,780.0,5375.0,3504619452|3504638795|3504638826|3504676429|3504676339|3504676810
529,403,DUS,4,957.0,7620.0,9925.0,3505310348|3505310033|3505310872|3505310891
530,UNASSIGNED,DUS,4,955.0,5100.0,9380.0,3504676968|3505309403|3505310868|3505311197
531,723,DUS,4,952.0,2520.0,4890.0,3504638329|3504657695|3504676337|3504676809
532,50,DUS,4,944.8,7590.0,9320.0,3505310445|3505310093|3505310862|3505310863
533,UNASSIGNED,DUS,4,940.0,5430.0,7900.0,3504676960|3505309746|3505310342|3505310343
534,UNASSIGNED,DUS,4,930.0,4005.0,6720.0,3504658231|3504676535|3505309526|3505309640
535,69,DUS,4,926.6,8015.0,9355.0,3505310002|3505310254|3505311007|3505311123
536,191,DUS,4,925.0,6885.0,9995.0,3505309616|3505310320|3505310449|3505311193
537,UNASSIGNED,DUS,4,923.2,4700.0,7800.0,3504676259|3505309726|3505310004|3505310423
538,182,DUS,4,922.0,8245.0,9925.0,3505310362|3505310363|3505311208|3505310891
539,UNASSIGNED,DUS,4,920.0,3310.0,6305.0,3504658235|3504676252|3504676200|3505309613
540,653,DUS,4,911.6,8175.0,9685.0,3505310467|3505310873|3505310828|3505310744
541,RESERVE,DUS,3,907.0,5505.0,8375.0,3504676536|3505309441|3505309950
542,35,DUS,4,905.0,805.0,2310.0,3504619374|3504619375|3504619343|3504638682
543,RESERVE,DUS,4,895.0,440.0,4785.0,3504619484|3504619485|3504638806|3504676945
544,95,DUS,2,894.8,7965.0,10040.0,3505310151|3505310843
545,524,DUS,2,894.6,7575.0,9605.0,3505310094|3505310867
546,723,DUS,4,890.0,8175.0,9985.0,3505310467|3505311072|3505311057|3505311137
547,UNASSIGNED,DUS,4,885.0,3385.0,6750.0,3504658248|3504676945|3504676872|3505309656
548,UNASSIGNED,DUS,4,885.0,3385.0,7105.0,3504658248|3504676945|3504676872|3505309654
549,RESERVE,DUS,4,885.0,6740.0,9290.0,3505309699|3505309293|3505310770|3505311171
550,RESERVE,DUS,4,880.0,3310.0,7100.0,3504658119|3504657657|3504676455|3505309761
551,UNASSIGNED,DUS,4,870.0,4985.0,7885.0,3504676860|3505309644|3505310338|3505310339
552,76,DUS,5,870.0,6580.0,9600.0,3505309627|3505309260|3505311046|3505311071|3505311207
553,681,DUS,2,869.8,7570.0,9390.0,3505310366|3505310823
554,RESERVE,DUS,4,860.0,4720.0,8200.0,3504676832|3505309620|3505309713|3505310413
555,312,DUS,4,860.0,7865.0,9915.0,3505310336|3505311083|3505311134|3505311135
556,5,DUS,2,855.4,7580.0,9995.0,3505310364|3505311000
557,UNASSIGNED,DUS,4,855.0,3310.0,7830.0,3504658141|3504676827|3505310330|3505310331
558,583,DUS,4,855.0,7630.0,9830.0,3505310416|3505311026|3505311005|3505311131
559,RESERVE,DUS,4,855.0,5395.0,8010.0,3504676850|3505309636|3505310427|3505310428
560,UNASSIGNED,DUS,4,850.0,3310.0,6820.0,3504658119|3504657657|3504676353|3505309628
561,102,DUS,6,850.0,1125.0,2735.0,3504619339|3504619208|3504638450|3504638177|3504638548|3504638799
562,UNASSIGNED,DUS,4,850.0,3385.0,6815.0,3504658248|3504676945|3504676846|3505309632
563,RESERVE,DUS,4,845.0,2690.0,6800.0,3504638350|3504676531|3504676924|3505309714
564,12,DUS,2,835.4,7640.0,9380.0,3505310438|3505311030
565,710,DUS,4,835.0,1115.0,3970.0,3504619350|3504638695|3504638824|3504658262
566,RESERVE,DUS,4,830.0,4825.0,8235.0,3504676530|3505309438|3505309739|3505310436
567,RESERVE,DUS,4,825.0,5570.0,9290.0,3504676923|3505309443|3505311025|3505311171
568,RESERVE,DUS,4,815.0,1105.0,3960.0,3504619372|3504619373|3504638696|3504658150
569,309,DUS,4,795.0,1125.0,3505.0,3504619073|3504619068|3504638691|3504658143
570,330,DUS,4,775.0,7955.0,9755.0,3505310309|3505310803|3505310828|3505311129
571,351,DUS,2,769.8,4900.0,6465.0,3504676437|3505309754
572,10,DUS,2,764.2,9125.0,10165.0,3505311124|3505310953
573,UNASSIGNED,DUS,4,760.0,1850.0,5065.0,3504638663|3504658118|3504676812|3504676767
574,182,DUS,4,731.6,830.0,2750.0,3504619456|3504619459|3504638677|3504638097
575,857,DUS,2,700.4,1110.0,2070.0,3504619284|3504638701
576,941,DUS,4,695.0,1135.0,2635.0,3504619347|3504638690|3504638726|3504638727
577,108,DUS,2,684.8,1135.0,2530.0,3504618995|3504638825
578,721,DUS,2,659.8,360.0,725.0,3504618962|3504619407
579,503,DUS,2,605.0,9545.0,9950.0,3505311142|3505311143
580,UNASSIGNED,DUS,3,575.0,3280.0,5570.0,3504657814|3504676533|3504676815
581,20,DUS,2,530.0,1870.0,2760.0,3504638689|3504638692
582,35,DUS,2,530.0,7630.0,8520.0,3505310319|3505310321
583,46,DUS,2,530.0,360.0,690.0,3504619402|3504619403
584,67,DUS,2,520.0,1130.0,2760.0,3504619460|3504638807
585,712,DUS,2,465.0,1880.0,2140.0,3504638712|3504638713
586,136,DUS,1,440.4,2585.0,2640.0,3504638668
