pairing_id,base,n_legs,cost_eur,start_min,end_min,legs
1,DUS,6,2249.0,6695.0,9840.0,3505309426|3505309427|3505310028|3505310029|3505311063|3505311064
2,DUS,6,2235.0,5025.0,9685.0,3504676363|3504676364|3505310052|3505310053|3505311092|3505310990
3,DUS,6,2050.0,4720.0,8245.0,3504676392|3504676252|3505309568|3505309569|3505309962|3505310224
4,DUS,6,2019.2,3270.0,6845.0,3504657654|3504676880|3504676881|3504676772|3505309768|3505309770
5,DUS,6,1916.0,6465.0,9645.0,3505309422|3505309541|3505310273|3505310274|3505310727|3505310728
6,DUS,9,1873.0,5025.0,9785.0,3504676378|3504676380|3504676195|3505310046|3505310047|3505310034|3505311091|3505311096|3505311097
7,DUS,7,1846.0,3560.0,8440.0,3504658286|3504658287|3505309532|3505309477|3505310024|3505310253|3505310421
8,DUS,6,1829.6,5335.0,9480.0,3504676376|3504676597|3505310076|3505310077|3505311069|3505311070
9,DUS,6,1814.0,6310.0,9975.0,3505309478|3505309587|3505310158|3505310073|3505311164|3505311165
10,DUS,6,1769.4,6650.0,9595.0,3505309385|3505309384|3505310159|3505310160|3505311206|3505310875
11,DUS,6,1755.2,6840.0,9985.0,3505309558|3505309311|3505310020|3505310103|3505311212|3505311213
12,DUS,6,1745.2,6165.0,9975.0,3505309548|3505309549|3505309566|3505310099|3505311120|3505311121
13,DUS,6,1732.0,4755.0,8525.0,3504676721|3505309283|3505309292|3505309293|3505310408|3505310409
14,DUS,6,1724.6,4725.0,8270.0,3504676739|3504676740|3505309412|3505309425|3505310380|3505310292
15,DUS,4,1722.8,6450.0,9945.0,3505309669|3505309670|3505310233|3505311052
16,DUS,8,1720.2,1860.0,6820.0,3504638722|3504638105|3504638706|3504658160|3504657805|3504657613|3505309276|3505309277
17,DUS,6,1700.8,3970.0,8035.0,3504657871|3504657796|3504676611|3504676494|3505310249|3505310399
18,DUS,7,1695.8,6120.0,9465.0,3505309418|3505309419|3505310112|3505310113|3505311045|3505310788|3505310789
19,DUS,8,1685.4,5160.0,8435.0,3504676920|3504676921|3505309735|3505309355|3505310014|3505310015|3505309949|3505310314
20,DUS,6,1673.2,6875.0,9935.0,3505309374|3505309413|3505310332|3505310262|3505311009|3505311058
21,DUS,6,1660.2,2265.0,5615.0,3504638354|3504638349|3504658189|3504657666|3504676933|3504676936
22,DUS,6,1648.8,4705.0,9355.0,3504676882|3504676883|3505309631|3505309393|3505310927|3505311123
23,DUS,6,1647.6,4960.0,8745.0,3504676420|3504676423|3504676359|3505309357|3505310184|3505310183
24,DUS,6,1640.8,4955.0,8605.0,3504676737|3504676738|3505309554|3505309595|3505310067|3505309989
25,DUS,4,1634.8,8100.0,9960.0,3505310301|3505310302|3505311210|3505311211
26,DUS,6,1618.6,6485.0,9590.0,3505309546|3505309547|3505310214|3505310048|3505310817|3505310800
27,DUS,4,1615.2,6150.0,9335.0,3505309340|3505309341|3505310050|3505310994
28,DUS,7,1613.0,3525.0,6815.0,3504657606|3504658206|3504676771|3505309516|3505309265|3505309610|3505309611
29,DUS,6,1611.2,5065.0,8565.0,3504676416|3504676417|3505309694|3505309693|3505310443|3505310009
30,DUS,6,1610.2,3275.0,7075.0,3504657677|3504657678|3504676783|3504676226|3505309685|3505309688
31,DUS,5,1600.2,4065.0,8480.0,3504657659|3505309378|3505309379|3505310151|3505310407
32,DUS,8,1589.8,4720.0,8495.0,3504676947|3504676413|3504676435|3505309752|3505309695|3505309696|3505310352|3505310037
33,DUS,6,1587.4,6145.0,9580.0,3505309763|3505309329|3505310018|3505310308|3505311116|3505311117
34,DUS,8,1587.0,5025.0,8540.0,3504676854|3504676857|3505309687|3505309375|3505310002|3505310003|3505309964|3505309965
35,DUS,7,1582.2,4720.0,9600.0,3504676838|3504676839|3505309364|3505309523|3505311046|3505311071|3505311207
36,DUS,8,1582.0,6585.0,9765.0,3505309550|3505309391|3505310082|3505310001|3505310435|3505311177|3505311100|3505311101
37,DUS,6,1578.6,6390.0,9610.0,3505309664|3505310051|3505310056|3505310057|3505311067|3505310859
38,DUS,6,1571.8,4905.0,9320.0,3504676311|3505309565|3505309524|3505309359|3505311090|3505310988
39,DUS,7,1569.4,3375.0,7240.0,3504657655|3504657791|3504658084|3504676342|3504676663|3505309322|3505309323
40,DUS,6,1565.8,5380.0,9470.0,3504676755|3504676756|3505310251|3505310252|3505310155|3505311024
41,DUS,4,1556.4,6140.0,9455.0,3505309544|3505309698|3505310398|3505310879
42,DUS,6,1555.4,5005.0,9925.0,3504676616|3504676724|3505309960|3505311093|3505311208|3505310891
43,DUS,6,1553.2,3745.0,7095.0,3504658057|3504658058|3504676680|3505309336|3505309540|3505309684
44,DUS,6,1550.2,4695.0,8305.0,3504676555|3504676554|3504676844|3505309628|3505310245|3505310383
45,DUS,6,1543.2,4685.0,7765.0,3504676888|3504676889|3505309710|3505309709|3505310010|3505310011
46,DUS,6,1534.8,6200.0,9390.0,3505309396|3505309397|3505310090|3505310437|3505311102|3505311103
47,DUS,5,1533.4,3530.0,7100.0,3504658099|3504657702|3504676667|3504676787|3505309700
48,DUS,7,1529.4,4710.0,8445.0,3504676250|3504676931|3505309538|3505309373|3505310084|3505310085|3505310276
49,DUS,7,1526.4,6140.0,10045.0,3505309308|3505309593|3505310221|3505310033|3505310208|3505311021|3505310764
50,DUS,9,1524.8,1850.0,5285.0,3504638800|3504638801|3504638802|3504657629|3504657594|3504658030|3504676769|3504676866|3504676867
51,DUS,6,1523.0,3960.0,8525.0,3504657634|3504658074|3505309751|3505309417|3505310346|3505310347
52,DUS,6,1522.4,5405.0,9640.0,3504676922|3504676925|3505310422|3505310304|3505311112|3505311113
53,DUS,9,1520.4,6395.0,9985.0,3505309514|3505309636|3505309649|3505310222|3505310025|3505310026|3505310209|3505310962|3505311137
54,DUS,6,1512.2,6225.0,9270.0,3505309580|3505309634|3505310358|3505310359|3505310431|3505310855
55,DUS,8,1509.8,3850.0,7950.0,3504658121|3504657925|3504658090|3505309574|3505309651|3505309365|3505310364|3505310365
56,DUS,6,1503.4,4725.0,8635.0,3504676795|3504676746|3505309536|3505309281|3505309986|3505310109
57,DUS,6,1499.8,3420.0,7800.0,3504658219|3504658220|3504658267|3504676963|3505310279|3505310280
58,DUS,6,1499.4,3470.0,6720.0,3504657801|3504657792|3504676388|3504676736|3505309273|3505309640
59,DUS,9,1497.6,3780.0,6720.0,3504658131|3504658132|3504658127|3504676813|3504676950|3504676504|3505309504|3505309360|3505309663
60,DUS,6,1497.2,3960.0,7000.0,3504658113|3504676748|3504676751|3504676415|3505309376|3505309377
61,DUS,7,1493.0,5190.0,8515.0,3504676677|3504676467|3504676474|3505309633|3505310219|3505310225|3505310355
62,DUS,5,1489.6,4935.0,8505.0,3504676549|3504676366|3505309334|3505310231|3505310232
63,DUS,5,1487.8,5050.0,7975.0,3504676725|3504676897|3505309575|3505310366|3505310367
64,DUS,5,1487.6,3985.0,8145.0,3504658069|3504658070|3505309278|3505310242|3505310207
65,DUS,6,1486.2,4730.0,8280.0,3504676956|3504676957|3504676968|3505309403|3505310287|3505310288
66,DUS,6,1485.0,6525.0,9415.0,3505309707|3505309708|3505310390|3505310063|3505310822|3505311107
67,DUS,4,1484.0,3760.0,6800.0,3504657722|3504657724|3504676797|3505309555
68,DUS,5,1482.2,3380.0,8065.0,3504657921|3504676900|3504676902|3505310114|3505310391
69,DUS,6,1477.0,5410.0,9375.0,3504676507|3504676509|3505309414|3505309415|3505311082|3505311083
70,DUS,4,1476.2,3505.0,6540.0,3504657681|3504658188|3504676487|3505309537
71,DUS,4,1475.8,2580.0,5360.0,3504638490|3504657939|3504676884|3504676885
72,DUS,6,1472.4,3770.0,8290.0,3504658107|3504657832|3505309470|3505309535|3505310271|3505310456
73,DUS,4,1472.0,3840.0,6790.0,3504657661|3504676790|3505309645|3505309351
74,DUS,4,1469.4,3930.0,7060.0,3504657610|3504657609|3504676723|3505309539
75,DUS,4,1468.2,5425.0,8270.0,3504676749|3505309724|3505309582|3505310234
76,DUS,7,1467.0,5435.0,9655.0,3504676190|3505310044|3505310045|3505310062|3505310740|3505310716|3505310718
77,DUS,6,1465.8,5265.0,9520.0,3504676713|3504676360|3505310100|3505310019|3505310862|3505311185
78,DUS,5,1465.2,4090.0,7080.0,3504657935|3504676731|3504676732|3505309562|3505309563
79,DUS,5,1464.6,5255.0,7945.0,3504676870|3504676871|3505309604|3505309410|3505310071
80,DUS,6,1463.2,6220.0,10100.0,3505309264|3505310035|3505310042|3505310043|3505310838|3505310762
81,DUS,6,1462.2,3665.0,6535.0,3504657671|3504657595|3504676682|3504676825|3505309755|3505309756
82,DUS,6,1459.8,4680.0,9420.0,3504676355|3504676356|3504676365|3505309662|3505311110|3505311111
83,DUS,7,1456.4,4000.0,6885.0,3504657797|3504676389|3504676766|3504676334|3505309400|3505309401|3505309253
84,DUS,8,1451.6,4720.0,8525.0,3504676211|3504676855|3505309608|3505309507|3505309508|3505310318|3505310457|3505310458
85,DUS,6,1450.0,6135.0,9630.0,3505309689|3505309690|3505310445|3505310093|3505310816|3505311089
86,DUS,4,1445.0,3985.0,6670.0,3504657679|3504676212|3504676361|3505309361
87,DUS,6,1444.2,3595.0,8325.0,3504658205|3504676521|3504676520|3504676580|3505310382|3505310385
88,DUS,4,1438.8,4670.0,8260.0,3504676390|3504676718|3505309259|3505309954
89,DUS,7,1438.2,5135.0,9335.0,3504676253|3504676403|3505309333|3505309588|3505309469|3505310954|3505310737
90,DUS,6,1436.8,1850.0,5020.0,3504638663|3504658118|3504658181|3504658182|3504676371|3504676519
91,DUS,6,1436.4,5390.0,9300.0,3504676962|3504676306|3505309639|3505309525|3505311037|3505310869
92,DUS,7,1432.8,3660.0,8020.0,3504658237|3504658062|3504657952|3505309370|3505309675|3505310372|3505310373
93,DUS,6,1429.8,3540.0,6970.0,3504658201|3504676375|3504676343|3504676344|3505309338|3505309339
94,DUS,5,1428.4,4755.0,8390.0,3504676217|3504676219|3504676673|3505309510|3505310395
95,DUS,4,1425.0,4710.0,8250.0,3504676735|3505309381|3505310412|3505310081
96,DUS,8,1423.2,1860.0,6660.0,3504638675|3504638169|3504638362|3504657976|3504658031|3504657597|3505309328|3505309571
97,DUS,7,1423.2,1140.0,4195.0,3504619335|3504638090|3504638107|3504638519|3504658091|3504658215|3504658216
98,DUS,8,1422.8,4745.0,8425.0,3504676812|3504676765|3504676657|3505309506|3505309406|3505309407|3505310072|3505310152
99,DUS,4,1421.2,3940.0,6550.0,3504658073|3504676959|3505309526|3505309527
100,DUS,6,1420.4,6350.0,10000.0,3505309676|3505310115|3505310116|3505310117|3505310890|3505311042
101,DUS,8,1417.6,3365.0,7085.0,3504657799|3504657784|3504676341|3504676660|3505309350|3505309267|3505309316|3505309317
102,DUS,4,1413.6,6660.0,9335.0,3505309522|3505310357|3505310784|3505310785
103,DUS,4,1412.4,5195.0,9705.0,3504676729|3504676730|3505310237|3505310893
104,DUS,4,1411.8,1265.0,4200.0,3504618921|3504638097|3504658278|3504658279
105,DUS,4,1407.2,5330.0,7925.0,3504676785|3505309533|3505309560|3505310091
106,DUS,4,1404.6,7580.0,9900.0,3505310060|3505310065|3505311162|3505311163
107,DUS,6,1399.8,4780.0,7975.0,3504676345|3504676346|3504676367|3505309652|3505309760|3505310464
108,DUS,4,1399.8,6160.0,9215.0,3505309766|3505309767|3505310467|3505310873
109,DUS,6,1399.8,4820.0,9390.0,3504676445|3504676449|3504676455|3505309761|3505311098|3505311099
110,DUS,6,1395.4,6145.0,9955.0,3505309534|3505309680|3505310441|3505310266|3505311035|3505311195
111,DUS,8,1395.4,3270.0,7080.0,3504657622|3504658060|3504676747|3504676798|3505309408|3505309409|3505309394|3505309734
112,DUS,4,1395.4,7570.0,9960.0,3505310356|3505310228|3505311114|3505311115
113,DUS,4,1394.8,6165.0,9360.0,3505309590|3505309591|3505310283|3505311048
114,DUS,4,1394.4,6125.0,9410.0,3505309424|3505310240|3505310235|3505311062
115,DUS,6,1390.0,3990.0,6785.0,3504658263|3504676429|3504676347|3504676710|3505309528|3505309666
116,DUS,4,1389.6,5435.0,8510.0,3504676379|3505309367|3505310392|3505310393
117,DUS,4,1386.0,5015.0,9270.0,3504676781|3504676728|3505310303|3505311028
118,DUS,4,1384.0,5255.0,8570.0,3504676878|3505309531|3505309970|3505309971
119,DUS,7,1383.8,6885.0,9905.0,3505309616|3505310320|3505310278|3505310064|3505311008|3505310925|3505310934
120,DUS,6,1381.8,5430.0,8375.0,3504676960|3505309399|3505309609|3505310293|3505310296|3505309950
121,DUS,5,1379.8,3310.0,8045.0,3504658119|3504658033|3504676369|3505310410|3505310411
122,DUS,7,1377.8,5130.0,9950.0,3504676768|3504676815|3505310454|3505310097|3505310213|3505311013|3505311143
123,DUS,4,1372.4,6500.0,9155.0,3505309667|3505309668|3505310317|3505310921
124,DUS,4,1370.8,7510.0,10035.0,3505310108|3505310244|3505311029|3505310861
125,DUS,7,1370.4,3490.0,8170.0,3504657940|3504657949|3504657978|3504676533|3505310299|3505310300|3505310277
126,DUS,10,1370.0,1860.0,5405.0,3504638665|3504638666|3504638724|3504638108|3504657628|3504658066|3504657965|3504676547|3504676551|3504676969
127,DUS,4,1369.4,3985.0,7125.0,3504658047|3504676784|3505309627|3505309260
128,DUS,4,1365.2,7625.0,10000.0,3505310241|3505310194|3505310880|3505310833
129,DUS,4,1362.0,5450.0,8455.0,3504676811|3505309683|3505309589|3505310210
130,DUS,4,1359.8,6865.0,9960.0,3505309368|3505310066|3505310808|3505311141
131,DUS,8,1358.2,4700.0,8535.0,3504676259|3504676938|3504676198|3505309630|3505309600|3505310310|3505310362|3505310363
132,DUS,6,1356.6,6465.0,10125.0,3505309677|3505309678|3505310427|3505310428|3505311108|3505310730
133,DUS,5,1356.4,5215.0,7940.0,3504676808|3504676687|3505309513|3505309661|3505310107
134,DUS,6,1351.6,4815.0,7970.0,3504676918|3504676919|3505309606|3505309576|3505310282|3505309947
135,DUS,6,1349.0,5100.0,9280.0,3504676930|3504676742|3504676536|3505309443|3505310929|3505310930
136,DUS,5,1344.6,6135.0,9445.0,3505309366|3505310061|3505310098|3505311038|3505310801
137,DUS,4,1342.4,6160.0,9400.0,3505309701|3505310250|3505310247|3505310928
138,DUS,4,1340.6,4690.0,7985.0,3504676427|3504676434|3505309968|3505310230
139,DUS,4,1340.4,3700.0,7565.0,3504658049|3504676901|3505309618|3505310323
140,DUS,7,1338.6,3965.0,6805.0,3504658123|3504676338|3504676339|3504676727|3505309423|3505309719|3505309307
141,DUS,4,1338.2,7615.0,9410.0,3505310404|3505310405|3505310759|3505310760
142,DUS,5,1335.6,1965.0,5355.0,3504638476|3504638179|3504658256|3504676892|3504676224
143,DUS,6,1335.4,5395.0,9395.0,3504676850|3505309515|3505309520|3505309269|3505310734|3505311004
144,DUS,8,1333.6,3300.0,6875.0,3504657586|3504658130|3504658173|3504676861|3504676941|3504676750|3505309570|3505309421
145,DUS,4,1331.8,3285.0,5345.0,3504658059|3504657627|3504676374|3504676608
146,DUS,4,1329.8,2120.0,6535.0,3504638657|3504658116|3505309659|3505309660
147,DUS,6,1328.2,3695.0,6465.0,3504657624|3504658242|3504676822|3504676201|3505309753|3505309754
148,DUS,4,1327.4,3525.0,7950.0,3504658095|3504676879|3505310396|3505310397
149,DUS,5,1327.2,4735.0,7970.0,3504676828|3504676829|3505309332|3505310078|3505310079
150,DUS,6,1325.8,6370.0,10020.0,3505309312|3505310264|3505310259|3505310260|3505310937|3505561565
151,DUS,6,1324.8,3475.0,7085.0,3504762518|3504762521|3504657772|3504676932|3504676830|3505309617
152,DUS,7,1317.4,6255.0,9935.0,3505309331|3505309404|3505309405|3505310030|3505310031|3505310040|3505311081
153,DUS,4,1316.8,7565.0,9355.0,3505310197|3505310238|3505310882|3505310883
154,DUS,8,1307.8,725.0,3810.0,3504619337|3504618922|3504619109|3504638583|3504638172|3504657698|3504658046|3504658122
155,DUS,4,1305.4,7945.0,9895.0,3505310462|3505310461|3505311130|3505311010
156,DUS,8,1305.4,2570.0,5660.0,3504638696|3504658148|3504658092|3504657658|3504676741|3504676254|3504676207|3504676208
157,DUS,4,1305.2,8280.0,9965.0,3505310195|3505310175|3505311147|3505311146
158,DUS,4,1305.0,4985.0,8290.0,3504676980|3504676981|3505309745|3505310442
159,DUS,4,1305.0,2635.0,6560.0,3504638094|3504657588|3505309362|3505309363
160,DUS,4,1302.8,6460.0,9925.0,3505309635|3505310284|3505310933|3505310926
161,DUS,6,1299.2,5465.0,9885.0,3504676804|3505309603|3505310176|3505310895|3505310894|3505311125
162,DUS,4,1298.4,3275.0,6795.0,3504658109|3504657695|3504676368|3505309486
163,DUS,4,1297.4,7015.0,9880.0,3505309442|3505310136|3505311118|3505311119
164,DUS,5,1294.4,4050.0,7085.0,3504658089|3504676270|3504676272|3505309757|3505309758
165,DUS,6,1291.6,5015.0,9480.0,3504676225|3504676370|3504676414|3505309395|3505310836|3505311145
166,DUS,5,1287.8,3395.0,6385.0,3504658126|3504676757|3504676758|3504676709|3505309644
167,DUS,3,1287.2,4650.0,9215.0,3504676479|3505309583|3505311044
168,DUS,6,1284.6,3345.0,6885.0,3504658129|3504657783|3504658270|3504676820|3505309282|3505309674
169,DUS,5,1282.8,3290.0,5660.0,3504658085|3504657712|3504657720|3504676407|3504676752
170,DUS,4,1281.4,6210.0,9695.0,3505309637|3505310049|3505310742|3505310967
171,DUS,7,1280.4,3735.0,6995.0,3504658061|3504658064|3504676646|3504676335|3505309572|3505309372|3505309686
172,DUS,4,1280.4,6740.0,9820.0,3505309699|3505310236|3505311005|3505311006
173,DUS,6,1277.0,8030.0,10135.0,3505310424|3505310258|3505310261|3505310039|3505310755|3505310756
174,DUS,8,1276.8,2245.0,5545.0,3504638348|3504638351|3504638092|3504657630|3504657631|3504676817|3504676868|3504676869
175,DUS,4,1276.4,5135.0,8585.0,3504676205|3505309517|3505309530|3505310055
176,DUS,4,1274.0,5145.0,7910.0,3504676896|3505309585|3505310342|3505309969
177,DUS,3,1273.0,3820.0,7785.0,3504657705|3504676383|3505310212
178,DUS,6,1271.6,7590.0,9895.0,3505310000|3505310417|3505310394|3505310805|3505310830|3505311133
179,DUS,4,1270.4,7050.0,9985.0,3505309759|3505310459|3505310935|3505310938
180,DUS,4,1270.4,1195.0,5320.0,3504618925|3504657656|3504658079|3504676975
181,DUS,4,1269.0,5425.0,8210.0,3504676864|3505309519|3505309992|3505309993
182,DUS,4,1268.6,7555.0,9585.0,3505310058|3505310294|3505310804|3505311149
183,DUS,4,1264.2,3940.0,6635.0,3504658241|3504676393|3504676789|3505309511
184,DUS,4,1264.0,4900.0,7985.0,3504676777|3505309263|3505310400|3505310401
185,DUS,5,1262.2,4795.0,8345.0,3504676332|3505309641|3505310343|3505310426|3505310430
186,DUS,5,1262.2,4740.0,8585.0,3504676807|3504676497|3505309738|3505309653|3505310290
187,DUS,4,1260.8,4710.0,7970.0,3504676670|3505309505|3505310451|3505310452
188,DUS,4,1259.6,2290.0,5030.0,3504638253|3504657773|3504657757|3504676391
189,DUS,4,1257.4,8180.0,9965.0,3505310297|3505310298|3505311051|3505311109
190,DUS,6,1257.2,2240.0,5665.0,3504638461|3504638670|3504658247|3504658114|3504676840|3504676843
191,DUS,4,1255.4,4680.0,7990.0,3504676717|3505309387|3505309354|3505310434
192,DUS,4,1255.0,7920.0,9975.0,3505310402|3505310403|3505311200|3505311201
193,DUS,7,1254.0,1240.0,5345.0,3504619130|3504638499|3504638668|3504638350|3504676531|3504676860|3504676206
194,DUS,4,1252.0,6900.0,9975.0,3505309310|3505310089|3505310054|3505310998
195,DUS,6,1250.4,2545.0,5620.0,3504638554|3504658244|3504658161|3504676847|3504676972|3504676973
196,DUS,4,1247.2,3890.0,6860.0,3504658239|3504676934|3505309584|3505309371
197,DUS,4,1243.2,3665.0,6575.0,3504658179|3504676873|3505309290|3505309291
198,DUS,4,1240.0,8145.0,9985.0,3505310439|3505310440|3505311074|3505311075
199,DUS,4,1240.0,3630.0,8175.0,3504658135|3504658136|3505309629|3505310335
200,DUS,5,1237.4,4095.0,6560.0,3504657653|3504676458|3504676977|3505309711|3505309712
201,DUS,4,1235.8,3325.0,7945.0,3504658001|3504676712|3505310267|3505310268
202,DUS,4,1234.6,4000.0,7055.0,3504657703|3504676381|3505309352|3505309353
203,DUS,6,1231.6,1105.0,3900.0,3504619458|3504638803|3504638728|3504638110|3504657614|3504657615
204,DUS,7,1230.0,2520.0,6545.0,3504638673|3504638174|3504676330|3504676548|3504676545|3505309380|3505309706
205,DUS,8,1226.6,2550.0,5685.0,3504638669|3504658120|3504658171|3504657672|3504676394|3504676395|3504676453|3504676328
206,DUS,4,1225.0,2285.0,5660.0,3504638702|3504658156|3504676978|3504676979
207,DUS,5,1222.2,2210.0,5165.0,3504638170|3504638173|3504657581|3504657642|3504676441
208,DUS,4,1221.6,4710.0,9005.0,3504676914|3505309301|3505310460|3505311199
209,DUS,6,1221.0,1115.0,3580.0,3504619350|3504638695|3504638816|3504638322|3504658165|3504658166
210,DUS,4,1214.6,5360.0,9605.0,3504676349|3504676350|3505310094|3505310867
211,DUS,8,1210.0,4785.0,8235.0,3504676816|3504676819|3504676862|3505309646|3505309733|3505309559|3505310263|3505310436
212,DUS,4,1209.2,5405.0,9425.0,3504676598|3505309682|3505311158|3505311159
213,DUS,5,1205.4,5050.0,8115.0,3504676227|3504676377|3505309573|3505309392|3505310337
214,DUS,7,1205.0,4730.0,8210.0,3504676937|3505309309|3505309249|3505309596|3505309597|3505310291|3505310381
215,DUS,7,1202.8,6170.0,9855.0,3505309723|3505309553|3505310211|3505310092|3505310863|3505310874|3505311209
216,DUS,4,1201.4,5455.0,8210.0,3504676351|3505309626|3505310378|3505309983
217,DUS,10,1200.0,1830.0,5650.0,3504638671|3504638168|3504638171|3504658093|3504658094|3504658087|3504658088|3504676767|3504676834|3504676837
218,DUS,4,1197.4,7700.0,9635.0,3505310243|3505309985|3505310763|3505310889
219,DUS,4,1196.0,4735.0,8565.0,3504676908|3504676909|3505309737|3505310111
220,DUS,4,1195.8,7620.0,10100.0,3505310348|3505310226|3505310968|3505310881
221,DUS,3,1195.4,2125.0,5595.0,3504638450|3504658134|3504676336
222,DUS,6,1194.8,3995.0,6955.0,3504658155|3504676841|3504676842|3504676352|3505309647|3505309648
223,DUS,4,1193.2,5330.0,7790.0,3504676856|3505309272|3505309420|3505310101
224,DUS,4,1192.8,8030.0,9935.0,3505310257|3505310306|3505311065|3505311066
225,DUS,4,1191.4,6535.0,9685.0,3505309262|3505310339|3505311126|3505310829
226,DUS,4,1190.8,3560.0,6525.0,3504657803|3504676782|3505309356|3505309638
227,DUS,6,1185.4,6465.0,9835.0,3505309655|3505310361|3505310137|3505310913|3505311094|3505311095
228,DUS,4,1184.8,7620.0,10040.0,3505310370|3505310371|3505310406|3505310843
229,DUS,5,1181.8,3805.0,7070.0,3504658195|3504658196|3504676818|3504676297|3505309750
230,DUS,8,1180.0,965.0,4220.0,3504619331|3504619083|3504619307|3504638674|3504658207|3504657700|3504657781|3504658264
231,DUS,4,1177.6,7500.0,9705.0,3505310106|3505310286|3505311049|3505310725
232,DUS,4,1175.4,3775.0,6415.0,3504658071|3504676955|3504676948|3505309731
233,DUS,6,1175.0,4145.0,8070.0,3504658139|3505309613|3505309681|3505309369|3505310032|3505310351
234,DUS,4,1175.0,3620.0,6375.0,3504658191|3504658192|3504676943|3505309730
235,DUS,6,1174.8,1130.0,4195.0,3504619460|3504638807|3504657787|3504657788|3504657673|3504658176
236,DUS,4,1170.4,7555.0,9415.0,3505310239|3505310377|3505311154|3505311155
237,DUS,4,1169.6,3580.0,8325.0,3504657835|3504658210|3505309440|3505310139
238,DUS,5,1165.4,6470.0,9755.0,3505309605|3505310420|3505311026|3505311001|3505311129
239,DUS,4,1160.4,3690.0,6775.0,3504658022|3504676863|3505309691|3505309692
240,DUS,6,1160.4,3945.0,7975.0,3504658063|3504657774|3505309346|3505309347|3505310096|3505310453
241,DUS,6,1160.0,6770.0,9995.0,3505309721|3505310254|3505310215|3505310982|3505311011|3505311138
242,DUS,4,1159.8,3805.0,7785.0,3504658229|3504658230|3505309717|3505310083
243,DUS,7,1153.2,3915.0,7000.0,3504658133|3504657589|3504676194|3504676681|3505309250|3505309306|3505309722
244,DUS,4,1152.4,8010.0,9695.0,3505310223|3505310353|3505310884|3505310885
245,DUS,4,1149.2,3520.0,6415.0,3504658083|3504676462|3504676800|3505309765
246,DUS,8,1145.0,1005.0,5375.0,3504619333|3504619306|3504638347|3504638677|3504638497|3504676701|3504676704|3504676810
247,DUS,6,1145.0,3710.0,7970.0,3504658245|3504676796|3504676775|3504676543|3505310229|3505310345
248,DUS,4,1144.6,2470.0,5320.0,3504638475|3504657657|3504658233|3504676926
249,DUS,5,1143.4,4695.0,8240.0,3504676322|3504676324|3505309268|3505309961|3505310316
250,DUS,2,1142.6,7980.0,10070.0,3505310104|3505310717
251,DUS,5,1138.2,3290.0,6630.0,3504658125|3504676719|3504676893|3505309729|3505309438
252,DUS,4,1134.8,6445.0,9345.0,3505309679|3505310246|3505310987|3505310815
253,DUS,4,1131.6,6400.0,9955.0,3505309300|3505310075|3505310939|3505310936
254,DUS,4,1131.6,7865.0,10045.0,3505310350|3505309963|3505310713|3505310715
255,DUS,6,1131.6,905.0,3975.0,3504619329|3504638662|3504638691|3504658143|3504657848|3504657605
256,DUS,4,1130.4,5530.0,8515.0,3504676544|3505309451|3505309586|3505310389
257,DUS,5,1129.0,1945.0,6390.0,3504638672|3504638824|3504657635|3505309623|3505309624
258,DUS,4,1127.4,6830.0,10015.0,3505309749|3505310444|3505311139|3505311060
259,DUS,3,1122.2,7920.0,10040.0,3505310023|3505310846|3505310849
260,DUS,3,1122.2,6150.0,9995.0,3505309330|3505310449|3505311193
261,DUS,4,1120.0,5010.0,9470.0,3504676872|3505309654|3505311150|3505311151
262,DUS,4,1115.4,3505.0,6925.0,3504657822|3504676556|3504676546|3505309509
263,DUS,4,1115.4,2450.0,5130.0,3504638796|3504657625|3504657854|3504676722
264,DUS,6,1115.0,3890.0,8200.0,3504658167|3504657680|3505309398|3505309744|3505309713|3505310413
265,DUS,5,1113.2,4820.0,8200.0,3504676770|3505309592|3505310256|3505310220|3505309959
266,DUS,5,1107.4,4735.0,8330.0,3504676964|3504676312|3505309266|3505309650|3505310313
267,DUS,4,1106.6,7505.0,9490.0,3505309980|3505310375|3505311166|3505311167
268,DUS,6,1097.8,1955.0,5625.0,3504638577|3504638352|3504658232|3504676895|3504676373|3504676821
269,DUS,4,1096.6,2575.0,6575.0,3504638096|3504657962|3505309542|3505309702
270,DUS,4,1096.6,3530.0,7125.0,3504658187|3504676362|3505309358|3505309275
271,DUS,4,1095.0,4690.0,8245.0,3504676876|3504676780|3505309578|3505310329
272,DUS,6,1090.4,3760.0,8370.0,3504658149|3504658152|3505309619|3505310325|3505310140|3505310138
273,DUS,4,1090.4,2505.0,5630.0,3504638548|3504658240|3504676898|3504676899
274,DUS,4,1090.0,8135.0,9875.0,3505310368|3505310369|3505311156|3505311157
275,DUS,8,1085.0,665.0,4190.0,3504619368|3504618807|3504618840|3504638146|3504638141|3504638255|3504657652|3504658128
276,DUS,4,1077.0,5195.0,9290.0,3504676510|3505309561|3505311025|3505311171
277,DUS,4,1075.4,6220.0,9285.0,3505309564|3505310446|3505311076|3505311077
278,DUS,3,1066.4,6715.0,9845.0,3505309251|3505310295|3505310831
279,DUS,4,1055.4,6865.0,9655.0,3505309556|3505310005|3505309984|3505311127
280,DUS,4,1055.0,4720.0,8520.0,3504676886|3504676887|3505309732|3505310432
281,DUS,5,1051.6,7800.0,9985.0,3505309948|3505310307|3505310468|3505311152|3505311153
282,DUS,4,1051.0,7580.0,9915.0,3505310374|3505310196|3505310942|3505310941
283,DUS,4,1050.4,3875.0,6805.0,3504658211|3504657704|3504676396|3505309551
284,DUS,4,1049.6,3805.0,6410.0,3504657866|3504657840|3505309388|3505309718
285,DUS,4,1045.4,3280.0,5395.0,3504657814|3504657983|3504676761|3504676762
286,DUS,4,1044.8,4685.0,8350.0,3504676357|3504676853|3505309621|3505310327
287,DUS,4,1044.2,1840.0,5410.0,3504638694|3504638697|3504657833|3504676894
288,DUS,4,1040.4,5125.0,8390.0,3504676976|3504676803|3505309456|3505310216
289,DUS,6,1040.0,830.0,4205.0,3504619456|3504618841|3504638149|3504638555|3504658077|3504658276
290,DUS,4,1037.8,4765.0,6290.0,3504676707|3504676204|3504676200|3505309455
291,DUS,2,1037.2,7560.0,9390.0,3505310285|3505310823
292,DUS,4,1037.0,7560.0,9590.0,3505309966|3505309967|3505309958|3505310986
293,DUS,2,1035.2,7810.0,9905.0,3505310068|3505311014
294,DUS,4,1035.0,3815.0,6770.0,3504658185|3504676877|3504676935|3505309720
295,DUS,4,1033.4,3515.0,7800.0,3504658257|3504676516|3505310004|3505310423
296,DUS,3,1030.2,2670.0,5205.0,3504638575|3504657821|3504676683
297,DUS,6,1030.0,1840.0,5550.0,3504638346|3504657813|3504658269|3504676965|3504676939|3504676942
298,DUS,2,1024.6,7550.0,10050.0,3505310070|3505310839
299,DUS,4,1020.4,5405.0,9970.0,3504676711|3504676865|3505310338|3505311085
300,DUS,4,1019.8,4025.0,7830.0,3504657777|3504676949|3505310330|3505310331
301,DUS,4,1019.0,8280.0,9685.0,3505310305|3505310773|3505310741|3505310744
302,DUS,4,1015.0,4010.0,7050.0,3504658151|3504676835|3505309703|3505309704
303,DUS,3,1014.8,3850.0,6335.0,3504658209|3504676726|3505309335
304,DUS,6,1010.0,1135.0,3535.0,3504619347|3504638690|3504638818|3504638180|3504657775|3504658252
305,DUS,4,1010.0,8050.0,9980.0,3505310386|3505310248|3505310999|3505311105
306,DUS,4,1009.2,7600.0,9315.0,3505310376|3505310059|3505310826|3505310961
307,DUS,4,1000.0,2485.0,5500.0,3504638804|3504658249|3504676912|3504676913
308,DUS,4,998.2,2465.0,6360.0,3504638178|3504638678|3504676832|3505309620
309,DUS,4,991.4,3685.0,5610.0,3504657701|3504658202|3504676814|3504676191
310,DUS,7,990.0,1125.0,4890.0,3504619339|3504619208|3504638465|3504638258|3504638259|3504676337|3504676809
311,DUS,4,990.0,4775.0,8270.0,3504676910|3504676911|3505309625|3505310333
312,DUS,6,985.0,1110.0,4115.0,3504619474|3504618996|3504638177|3504638564|3504638565|3504658124
313,DUS,4,985.0,7990.0,9900.0,3505310384|3505310379|3505311160|3505311161
314,DUS,4,983.8,7935.0,9915.0,3505310334|3505310041|3505311057|3505311135
315,DUS,4,981.6,7995.0,10040.0,3505310455|3505310017|3505310778|3505310779
316,DUS,5,978.8,6180.0,8520.0,3505309643|3505309349|3505309607|3505310319|3505310321
317,DUS,3,976.4,4780.0,8295.0,3504676203|3505309521|3505310027
318,DUS,4,975.4,4740.0,7080.0,3504676858|3504676708|3505309552|3505309557
319,DUS,5,975.0,2490.0,5440.0,3504638667|3504657937|3504657587|3504657608|3504676891
320,DUS,4,971.6,8185.0,10025.0,3505310388|3505310825|3505310832|3505310748
321,DUS,3,971.4,3960.0,6810.0,3504657626|3504676744|3505309337
322,DUS,3,967.2,8265.0,9645.0,3505310275|3505310828|3505310827
323,DUS,4,960.4,5385.0,8210.0,3504676743|3505309389|3505309390|3505310419
324,DUS,4,955.0,5230.0,8215.0,3504676903|3504676786|3505309594|3505310425
325,DUS,4,946.6,4720.0,8540.0,3504676532|3505309439|3505309612|3505309956
326,DUS,4,945.4,7620.0,9830.0,3505310255|3505311173|3505311128|3505311131
327,DUS,4,940.0,4770.0,9280.0,3504676852|3505309642|3505311180|3505311181
328,DUS,2,939.6,8990.0,10000.0,3505310819|3505310818
329,DUS,4,936.6,8305.0,9855.0,3505310354|3505310726|3505311178|3505311179
330,DUS,4,935.4,3430.0,5465.0,3504658199|3504658208|3504658231|3504676535
331,DUS,3,932.6,8095.0,9320.0,3505310315|3505310074|3505310847
332,DUS,2,928.4,6850.0,9265.0,3505309487|3505311056
333,DUS,3,922.4,4715.0,7880.0,3504676970|3504676454|3505310022
334,DUS,4,917.8,5070.0,6975.0,3504676340|3504676333|3504676534|3505309441
335,DUS,4,905.0,4030.0,7955.0,3504657808|3504676944|3505310447|3505310448
336,DUS,6,885.0,420.0,2780.0,3504619366|3504619369|3504619370|3504638725|3504638826|3504638827
337,DUS,2,880.0,9285.0,9965.0,3505311215|3505311217
338,DUS,4,876.6,7980.0,9645.0,3505310418|3505310771|3505310790|3505310791
339,DUS,4,875.0,2000.0,4860.0,3504638808|3504658250|3504658137|3504676823
340,DUS,3,871.4,3285.0,4870.0,3504657580|3504658067|3504676267
341,DUS,4,865.0,3525.0,6850.0,3504658255|3504676953|3504676958|3505309746
342,DUS,4,865.0,3985.0,6815.0,3504658175|3504676859|3504676846|3505309632
343,DUS,2,861.4,8960.0,10015.0,3505310739|3505310835
344,DUS,4,850.0,3640.0,7090.0,3504658159|3504676845|3504676836|3505309622
345,DUS,4,850.0,2570.0,6800.0,3504638806|3504676945|3504676924|3505309714
346,DUS,2,842.8,9330.0,9740.0,3505311055|3505311002
347,DUS,2,837.0,5400.0,6780.0,3504676326|3505309567
348,DUS,2,835.4,7640.0,9380.0,3505310438|3505311030
349,DUS,4,835.0,1105.0,5630.0,3504619372|3504619373|3504658141|3504676827
350,DUS,4,830.0,3745.0,7825.0,3504658261|3504657782|3505309348|3505310349
351,DUS,2,820.8,3995.0,5655.0,3504657985|3504676689
352,DUS,4,815.0,3290.0,6385.0,3504658243|3504676940|3504676826|3505309615
353,DUS,5,800.0,810.0,2680.0,3504619345|3504619301|3504619336|3504638794|3504638797
354,DUS,2,800.0,9390.0,9990.0,3505311214|3505311216
355,DUS,4,800.0,4005.0,6870.0,3504658145|3504676831|3505309727|3505309728
356,DUS,4,796.6,3995.0,5660.0,3504657596|3504676348|3504676432|3504676961
357,DUS,4,775.0,6905.0,9265.0,3505309602|3505310312|3505310429|3505311175
358,DUS,2,771.0,9125.0,10195.0,3505311124|3505310969
359,DUS,2,770.2,4560.0,4955.0,3504676585|3504676614
360,DUS,2,764.2,9025.0,10165.0,3505311122|3505310953
361,DUS,4,760.0,1825.0,4180.0,3504638787|3504638786|3504638788|3504658234
362,DUS,2,757.4,4690.0,5070.0,3504676518|3504676720
363,DUS,2,749.6,3340.0,3585.0,3504657669|3504657670
364,DUS,2,719.0,9250.0,9610.0,3505310886|3505310887
365,DUS,2,685.4,9590.0,9975.0,3505311134|3505311012
366,DUS,2,685.4,3845.0,4200.0,3504658051|3504658212
367,DUS,4,680.0,1125.0,2635.0,3504619073|3504619068|3504638726|3504638727
368,DUS,2,673.2,5390.0,5710.0,3504676213|3504676214
369,DUS,2,667.8,3270.0,3475.0,3504657910|3504658086
370,DUS,2,665.4,4740.0,6775.0,3504676745|3505309726
371,DUS,2,664.8,7955.0,9230.0,3505310309|3505310803
372,DUS,2,650.0,6130.0,8395.0,3505309673|3505310387
373,DUS,2,645.0,3685.0,4130.0,3504658225|3504658226
374,DUS,2,625.0,3895.0,5010.0,3504658275|3504676971
375,DUS,2,620.0,6195.0,6610.0,3505309671|3505309672
376,DUS,1,607.2,9040.0,9110.0,3505311043
377,DUS,2,605.0,3785.0,4190.0,3504658213|3504658214
378,DUS,2,605.0,4700.0,5115.0,3504676904|3504676905
379,DUS,2,575.0,6200.0,6570.0,3505309741|3505309742
380,DUS,2,570.0,6155.0,6520.0,3505309657|3505309658
381,DUS,2,560.0,9125.0,9655.0,3505311144|3505310932
382,DUS,2,530.0,1870.0,2760.0,3504638689|3504638692
383,DUS,2,530.0,3580.0,3910.0,3504658203|3504658204
384,DUS,2,515.0,9065.0,9375.0,3505311190|3505311191
385,DUS,2,515.0,9020.0,9335.0,3505311086|3505311087
386,DUS,2,505.0,9080.0,9380.0,3505311196|3505311197
387,DUS,2,496.6,3340.0,3750.0,3504657592|3504658172
388,DUS,2,495.0,4985.0,6815.0,3504676802|3505309601
